Unnamed: 0,file_id,Acquisition Time by Timepoint,Binning,Cell Line,Clone,Dimensions of Raw Images,EMT Condition,Excessive cell death during EMT,Fluorescent Protein,Gene,Image Size C,Image Size T,Image Size X,Image Size Y,Image Size Z,Instrument,Objective,Pixel Size X,Pixel Size Y,Pixel Size Z (nominal),Plate Barcode,Plate Seeded On,Position Index,Presence of migration,Protein,Scene Index,Solution,Structure,Timelapse Interval,Total Time Duration,Well Label,ome_zarr_file_path,File Path,Used for,Presence of extra colony in FOV at time of migration,Presence of migrating cells coming from colony out of FOV at time of migration,Pixel Size Z (Actual),Timepoints used in basement membrane segmentation training,Timepoint used for basement membrane segmentation validation,ome_zarr_raw_file_path_extra,web_link_raw_extra,raw_file_path_extra
358,c1975ac5c02a45bebf8d5a965b469a12,nan,1x1,AICS-61,36,TCZYX,2D MG EMT no MG,FALSE,mEGFP,HIST1H2BJ,3,121,1848,1248,30,ZSD-1,20x/0.80,0.2708333333333333,0.2708333333333333,2,3500006350,Mon Apr 08 2024,53,TRUE,histone H2B type 1-J,48,Diluted Matrigel Lot 3115927 + DMEM/F12|CHIR99021|B27-/RPMI|2D MG EMT no MG|Anti Collagen IV 660,heterochromatin,30 minutes,2D 12H,D10,nan,nan,nan,FALSE,FALSE,2.88,nan,nan,/allen/aics/assay-dev/computational/data/release/emt-data/colony_extra_22/main/3500006350_20X_P53_D10,https://dev-aics-dtp-001.int.allencell.org/website-3d-cell-viewer/viewer?url=https%3A%2F%2Fdev-aics-dtp-001.int.allencell.org%2F%2Fassay-dev%2Fcomputational%2Fdata%2Frelease%2Femt-data%2Fcolony_extra_22%2Fmain%2F3500006350_20X_P53_D10%2Fraw.ome.zarr,https://dev-aics-dtp-001.int.allencell.org//assay-dev/computational/data/release/emt-data/colony_extra_22/main/3500006350_20X_P53_D10/raw.ome.zarr
359,3f9b07194e274ad984dda886e5adb86c,nan,1x1,AICS-61,36,TCZYX,2D MG EMT no MG,FALSE,mEGFP,HIST1H2BJ,3,121,1848,1248,30,ZSD-1,20x/0.80,0.2708333333333333,0.2708333333333333,2,3500006350,Mon Apr 08 2024,54,TRUE,histone H2B type 1-J,47,Diluted Matrigel Lot 3115927 + DMEM/F12|CHIR99021|B27-/RPMI|2D MG EMT no MG|Anti Collagen IV 660,heterochromatin,30 minutes,2D 12H,D10,nan,nan,nan,FALSE,FALSE,2.88,nan,nan,/allen/aics/assay-dev/computational/data/release/emt-data/colony_extra_22/main/3500006350_20X_P54_D10,https://dev-aics-dtp-001.int.allencell.org/website-3d-cell-viewer/viewer?url=https%3A%2F%2Fdev-aics-dtp-001.int.allencell.org%2F%2Fassay-dev%2Fcomputational%2Fdata%2Frelease%2Femt-data%2Fcolony_extra_22%2Fmain%2F3500006350_20X_P54_D10%2Fraw.ome.zarr,https://dev-aics-dtp-001.int.allencell.org//assay-dev/computational/data/release/emt-data/colony_extra_22/main/3500006350_20X_P54_D10/raw.ome.zarr
360,2970436223aa42f3b707f6d8bfca25e5,nan,1x1,AICS-61,36,TCZYX,2D MG EMT no MG,FALSE,mEGFP,HIST1H2BJ,3,121,1848,1248,30,ZSD-1,20x/0.80,0.2708333333333333,0.2708333333333333,2,3500006350,Mon Apr 08 2024,52,TRUE,histone H2B type 1-J,46,Diluted Matrigel Lot 3115927 + DMEM/F12|CHIR99021|B27-/RPMI|2D MG EMT no MG|Anti Collagen IV 660,heterochromatin,30 minutes,2D 12H,D10,nan,nan,nan,FALSE,FALSE,2.88,nan,nan,/allen/aics/assay-dev/computational/data/release/emt-data/colony_extra_22/main/3500006350_20X_P52_D10,https://dev-aics-dtp-001.int.allencell.org/website-3d-cell-viewer/viewer?url=https%3A%2F%2Fdev-aics-dtp-001.int.allencell.org%2F%2Fassay-dev%2Fcomputational%2Fdata%2Frelease%2Femt-data%2Fcolony_extra_22%2Fmain%2F3500006350_20X_P52_D10%2Fraw.ome.zarr,https://dev-aics-dtp-001.int.allencell.org//assay-dev/computational/data/release/emt-data/colony_extra_22/main/3500006350_20X_P52_D10/raw.ome.zarr
361,888a0e2a86f44d75aee105fcf7f60e96,"1:2023-09-01 20:46:01.499313, 2:2023-09-01 21:16:00.998626, 3:2023-09-01 21:46:00.497939, 4:2023-09-01 22:15:59.997252, 5:2023-09-01 22:45:59.496565, 6:2023-09-01 23:15:58.995878, 7:2023-09-01 23:45:58.495191, 8:2023-09-02 00:15:57.994504, 9:2023-09-02 00:45:57.493817, 10:2023-09-02 01:15:56.993130, 11:2023-09-02 01:45:56.492443, 12:2023-09-02 02:15:55.991756, 13:2023-09-02 02:45:55.491069, 14:2023-09-02 03:15:54.990382, 15:2023-09-02 03:45:54.489695, 16:2023-09-02 04:15:53.989008, 17:2023-09-02 04:45:53.488321, 18:2023-09-02 05:15:52.987634, 19:2023-09-02 05:45:52.486947, 20:2023-09-02 06:15:51.986260, 21:2023-09-02 06:45:51.485573, 22:2023-09-02 07:15:50.984886, 23:2023-09-02 07:45:50.484199, 24:2023-09-02 08:15:49.983512, 25:2023-09-02 08:45:49.482825, 26:2023-09-02 09:15:48.982138, 27:2023-09-02 09:45:48.481451, 28:2023-09-02 10:15:47.980764, 29:2023-09-02 10:45:47.480077, 30:2023-09-02 11:15:46.979390, 31:2023-09-02 11:45:46.478703, 32:2023-09-02 12:15:45.978016, 33:2023-09-02 12:45:45.477329, 34:2023-09-02 13:15:44.976642, 35:2023-09-02 13:45:44.475955, 36:2023-09-02 14:15:43.975268, 37:2023-09-02 14:45:43.474581, 38:2023-09-02 15:15:42.973894, 39:2023-09-02 15:45:42.473207, 40:2023-09-02 16:15:41.972520, 41:2023-09-02 16:45:41.471833, 42:2023-09-02 17:15:40.971146, 43:2023-09-02 17:45:40.470459, 44:2023-09-02 18:15:39.969772, 45:2023-09-02 18:45:39.469085, 46:2023-09-02 19:15:38.968398, 47:2023-09-02 19:45:38.467711, 48:2023-09-02 20:15:37.967024, 49:2023-09-02 20:45:37.466337, 50:2023-09-02 21:15:36.965650, 51:2023-09-02 21:45:36.464963, 52:2023-09-02 22:15:35.964276, 53:2023-09-02 22:45:35.463589, 54:2023-09-02 23:15:34.962902, 55:2023-09-02 23:45:34.462215, 56:2023-09-03 00:15:33.961528, 57:2023-09-03 00:45:33.460841, 58:2023-09-03 01:15:32.960154, 59:2023-09-03 01:45:32.459467, 60:2023-09-03 02:15:31.958780, 61:2023-09-03 02:45:31.458093, 62:2023-09-03 03:15:30.957406, 63:2023-09-03 03:45:30.456719, 64:2023-09-03 04:15:29.956032, 65:2023-09-03 04:45:29.455345, 66:2023-09-03 05:15:28.954658, 67:2023-09-03 05:45:28.453971, 68:2023-09-03 06:15:27.953284, 69:2023-09-03 06:45:27.452597, 70:2023-09-03 07:15:26.951910, 71:2023-09-03 07:45:26.451223, 72:2023-09-03 08:15:25.950536, 73:2023-09-03 08:45:25.449849, 74:2023-09-03 09:15:24.949162, 75:2023-09-03 09:45:24.448475, 76:2023-09-03 10:15:23.947788, 77:2023-09-03 10:45:23.447101, 78:2023-09-03 11:15:22.946414, 79:2023-09-03 11:45:22.445727, 80:2023-09-03 12:15:21.945040, 81:2023-09-03 12:45:21.444353, 82:2023-09-03 13:15:20.943666, 83:2023-09-03 13:45:20.442979, 84:2023-09-03 14:15:19.942292, 85:2023-09-03 14:45:19.441605, 86:2023-09-03 15:15:18.940918, 87:2023-09-03 15:45:18.440231, 88:2023-09-03 16:15:17.939544, 89:2023-09-03 16:45:17.438857, 90:2023-09-03 17:15:16.938170, 91:2023-09-03 17:45:16.437483, 92:2023-09-03 18:15:15.936796, 93:2023-09-03 18:45:15.436109, 94:2023-09-03 19:15:14.935422, 95:2023-09-03 19:45:14.434735, 96:2023-09-03 20:15:13.934048, 97:2023-09-03 20:45:13.433361, 98:2023-09-03 21:15:12.932674, 99:2023-09-03 21:45:12.431987, 100:2023-09-03 22:15:11.931300, 101:2023-09-03 22:45:11.430613, 102:2023-09-03 23:15:10.929926, 103:2023-09-03 23:45:10.429239, 104:2023-09-04 00:15:09.928552, 105:2023-09-04 00:45:09.427865, 106:2023-09-04 01:15:08.927178, 107:2023-09-04 01:45:08.426491, 108:2023-09-04 02:15:07.925804, 109:2023-09-04 02:45:07.425117, 110:2023-09-04 03:15:06.924430, 111:2023-09-04 03:45:06.423743, 112:2023-09-04 04:15:05.923056, 113:2023-09-04 04:45:05.422369, 114:2023-09-04 05:15:04.921682, 115:2023-09-04 05:45:04.420995, 116:2023-09-04 06:15:03.920308, 117:2023-09-04 06:45:03.419621, 118:2023-09-04 07:15:02.918934, 119:2023-09-04 07:45:02.418247, 120:2023-09-04 08:15:01.917560, 121:2023-09-04 08:45:01.416873",1x1,AICS-61,36,TCZYX,2D MG EMT no MG,FALSE,mEGFP,HIST1H2BJ,3,121,1848,1248,30,ZSD-1,20x/0.80,0.2708333333333333,0.2708333333333333,2,3500005824,Mon Aug 28 2023,33,TRUE,histone H2B type 1-J,31,CHIR99021|B27-/RPMI|2D MG EMT no MG|Diluted Matrigel Lot 118001 + DMEM/F12|Anti Collagen IV 660,heterochromatin,30 minutes,2D 12H,D7,nan,nan,nan,FALSE,FALSE,2.88,nan,nan,/allen/aics/assay-dev/computational/data/release/emt-data/colony_extra_22/main/3500005824_20X_P33_D7,https://dev-aics-dtp-001.int.allencell.org/website-3d-cell-viewer/viewer?url=https%3A%2F%2Fdev-aics-dtp-001.int.allencell.org%2F%2Fassay-dev%2Fcomputational%2Fdata%2Frelease%2Femt-data%2Fcolony_extra_22%2Fmain%2F3500005824_20X_P33_D7%2Fraw.ome.zarr,https://dev-aics-dtp-001.int.allencell.org//assay-dev/computational/data/release/emt-data/colony_extra_22/main/3500005824_20X_P33_D7/raw.ome.zarr
362,53e21b0a1d5742c4a3939c5f4f9d8e40,"1:2023-09-01 20:46:01.499313, 2:2023-09-01 21:16:00.998626, 3:2023-09-01 21:46:00.497939, 4:2023-09-01 22:15:59.997252, 5:2023-09-01 22:45:59.496565, 6:2023-09-01 23:15:58.995878, 7:2023-09-01 23:45:58.495191, 8:2023-09-02 00:15:57.994504, 9:2023-09-02 00:45:57.493817, 10:2023-09-02 01:15:56.993130, 11:2023-09-02 01:45:56.492443, 12:2023-09-02 02:15:55.991756, 13:2023-09-02 02:45:55.491069, 14:2023-09-02 03:15:54.990382, 15:2023-09-02 03:45:54.489695, 16:2023-09-02 04:15:53.989008, 17:2023-09-02 04:45:53.488321, 18:2023-09-02 05:15:52.987634, 19:2023-09-02 05:45:52.486947, 20:2023-09-02 06:15:51.986260, 21:2023-09-02 06:45:51.485573, 22:2023-09-02 07:15:50.984886, 23:2023-09-02 07:45:50.484199, 24:2023-09-02 08:15:49.983512, 25:2023-09-02 08:45:49.482825, 26:2023-09-02 09:15:48.982138, 27:2023-09-02 09:45:48.481451, 28:2023-09-02 10:15:47.980764, 29:2023-09-02 10:45:47.480077, 30:2023-09-02 11:15:46.979390, 31:2023-09-02 11:45:46.478703, 32:2023-09-02 12:15:45.978016, 33:2023-09-02 12:45:45.477329, 34:2023-09-02 13:15:44.976642, 35:2023-09-02 13:45:44.475955, 36:2023-09-02 14:15:43.975268, 37:2023-09-02 14:45:43.474581, 38:2023-09-02 15:15:42.973894, 39:2023-09-02 15:45:42.473207, 40:2023-09-02 16:15:41.972520, 41:2023-09-02 16:45:41.471833, 42:2023-09-02 17:15:40.971146, 43:2023-09-02 17:45:40.470459, 44:2023-09-02 18:15:39.969772, 45:2023-09-02 18:45:39.469085, 46:2023-09-02 19:15:38.968398, 47:2023-09-02 19:45:38.467711, 48:2023-09-02 20:15:37.967024, 49:2023-09-02 20:45:37.466337, 50:2023-09-02 21:15:36.965650, 51:2023-09-02 21:45:36.464963, 52:2023-09-02 22:15:35.964276, 53:2023-09-02 22:45:35.463589, 54:2023-09-02 23:15:34.962902, 55:2023-09-02 23:45:34.462215, 56:2023-09-03 00:15:33.961528, 57:2023-09-03 00:45:33.460841, 58:2023-09-03 01:15:32.960154, 59:2023-09-03 01:45:32.459467, 60:2023-09-03 02:15:31.958780, 61:2023-09-03 02:45:31.458093, 62:2023-09-03 03:15:30.957406, 63:2023-09-03 03:45:30.456719, 64:2023-09-03 04:15:29.956032, 65:2023-09-03 04:45:29.455345, 66:2023-09-03 05:15:28.954658, 67:2023-09-03 05:45:28.453971, 68:2023-09-03 06:15:27.953284, 69:2023-09-03 06:45:27.452597, 70:2023-09-03 07:15:26.951910, 71:2023-09-03 07:45:26.451223, 72:2023-09-03 08:15:25.950536, 73:2023-09-03 08:45:25.449849, 74:2023-09-03 09:15:24.949162, 75:2023-09-03 09:45:24.448475, 76:2023-09-03 10:15:23.947788, 77:2023-09-03 10:45:23.447101, 78:2023-09-03 11:15:22.946414, 79:2023-09-03 11:45:22.445727, 80:2023-09-03 12:15:21.945040, 81:2023-09-03 12:45:21.444353, 82:2023-09-03 13:15:20.943666, 83:2023-09-03 13:45:20.442979, 84:2023-09-03 14:15:19.942292, 85:2023-09-03 14:45:19.441605, 86:2023-09-03 15:15:18.940918, 87:2023-09-03 15:45:18.440231, 88:2023-09-03 16:15:17.939544, 89:2023-09-03 16:45:17.438857, 90:2023-09-03 17:15:16.938170, 91:2023-09-03 17:45:16.437483, 92:2023-09-03 18:15:15.936796, 93:2023-09-03 18:45:15.436109, 94:2023-09-03 19:15:14.935422, 95:2023-09-03 19:45:14.434735, 96:2023-09-03 20:15:13.934048, 97:2023-09-03 20:45:13.433361, 98:2023-09-03 21:15:12.932674, 99:2023-09-03 21:45:12.431987, 100:2023-09-03 22:15:11.931300, 101:2023-09-03 22:45:11.430613, 102:2023-09-03 23:15:10.929926, 103:2023-09-03 23:45:10.429239, 104:2023-09-04 00:15:09.928552, 105:2023-09-04 00:45:09.427865, 106:2023-09-04 01:15:08.927178, 107:2023-09-04 01:45:08.426491, 108:2023-09-04 02:15:07.925804, 109:2023-09-04 02:45:07.425117, 110:2023-09-04 03:15:06.924430, 111:2023-09-04 03:45:06.423743, 112:2023-09-04 04:15:05.923056, 113:2023-09-04 04:45:05.422369, 114:2023-09-04 05:15:04.921682, 115:2023-09-04 05:45:04.420995, 116:2023-09-04 06:15:03.920308, 117:2023-09-04 06:45:03.419621, 118:2023-09-04 07:15:02.918934, 119:2023-09-04 07:45:02.418247, 120:2023-09-04 08:15:01.917560, 121:2023-09-04 08:45:01.416873",1x1,AICS-61,36,TCZYX,2D MG EMT no MG,FALSE,mEGFP,HIST1H2BJ,3,121,1848,1248,30,ZSD-1,20x/0.80,0.2708333333333333,0.2708333333333333,2,3500005824,Mon Aug 28 2023,32,TRUE,histone H2B type 1-J,30,CHIR99021|B27-/RPMI|2D MG EMT no MG|Diluted Matrigel Lot 118001 + DMEM/F12|Anti Collagen IV 660,heterochromatin,30 minutes,2D 12H,D7,nan,nan,nan,FALSE,FALSE,2.88,nan,nan,/allen/aics/assay-dev/computational/data/release/emt-data/colony_extra_22/main/3500005824_20X_P32_D7,https://dev-aics-dtp-001.int.allencell.org/website-3d-cell-viewer/viewer?url=https%3A%2F%2Fdev-aics-dtp-001.int.allencell.org%2F%2Fassay-dev%2Fcomputational%2Fdata%2Frelease%2Femt-data%2Fcolony_extra_22%2Fmain%2F3500005824_20X_P32_D7%2Fraw.ome.zarr,https://dev-aics-dtp-001.int.allencell.org//assay-dev/computational/data/release/emt-data/colony_extra_22/main/3500005824_20X_P32_D7/raw.ome.zarr
363,5bcdafd681d44c38b9114bd5e63230bb,"1:2023-09-01 20:46:01.499313, 2:2023-09-01 21:16:00.998626, 3:2023-09-01 21:46:00.497939, 4:2023-09-01 22:15:59.997252, 5:2023-09-01 22:45:59.496565, 6:2023-09-01 23:15:58.995878, 7:2023-09-01 23:45:58.495191, 8:2023-09-02 00:15:57.994504, 9:2023-09-02 00:45:57.493817, 10:2023-09-02 01:15:56.993130, 11:2023-09-02 01:45:56.492443, 12:2023-09-02 02:15:55.991756, 13:2023-09-02 02:45:55.491069, 14:2023-09-02 03:15:54.990382, 15:2023-09-02 03:45:54.489695, 16:2023-09-02 04:15:53.989008, 17:2023-09-02 04:45:53.488321, 18:2023-09-02 05:15:52.987634, 19:2023-09-02 05:45:52.486947, 20:2023-09-02 06:15:51.986260, 21:2023-09-02 06:45:51.485573, 22:2023-09-02 07:15:50.984886, 23:2023-09-02 07:45:50.484199, 24:2023-09-02 08:15:49.983512, 25:2023-09-02 08:45:49.482825, 26:2023-09-02 09:15:48.982138, 27:2023-09-02 09:45:48.481451, 28:2023-09-02 10:15:47.980764, 29:2023-09-02 10:45:47.480077, 30:2023-09-02 11:15:46.979390, 31:2023-09-02 11:45:46.478703, 32:2023-09-02 12:15:45.978016, 33:2023-09-02 12:45:45.477329, 34:2023-09-02 13:15:44.976642, 35:2023-09-02 13:45:44.475955, 36:2023-09-02 14:15:43.975268, 37:2023-09-02 14:45:43.474581, 38:2023-09-02 15:15:42.973894, 39:2023-09-02 15:45:42.473207, 40:2023-09-02 16:15:41.972520, 41:2023-09-02 16:45:41.471833, 42:2023-09-02 17:15:40.971146, 43:2023-09-02 17:45:40.470459, 44:2023-09-02 18:15:39.969772, 45:2023-09-02 18:45:39.469085, 46:2023-09-02 19:15:38.968398, 47:2023-09-02 19:45:38.467711, 48:2023-09-02 20:15:37.967024, 49:2023-09-02 20:45:37.466337, 50:2023-09-02 21:15:36.965650, 51:2023-09-02 21:45:36.464963, 52:2023-09-02 22:15:35.964276, 53:2023-09-02 22:45:35.463589, 54:2023-09-02 23:15:34.962902, 55:2023-09-02 23:45:34.462215, 56:2023-09-03 00:15:33.961528, 57:2023-09-03 00:45:33.460841, 58:2023-09-03 01:15:32.960154, 59:2023-09-03 01:45:32.459467, 60:2023-09-03 02:15:31.958780, 61:2023-09-03 02:45:31.458093, 62:2023-09-03 03:15:30.957406, 63:2023-09-03 03:45:30.456719, 64:2023-09-03 04:15:29.956032, 65:2023-09-03 04:45:29.455345, 66:2023-09-03 05:15:28.954658, 67:2023-09-03 05:45:28.453971, 68:2023-09-03 06:15:27.953284, 69:2023-09-03 06:45:27.452597, 70:2023-09-03 07:15:26.951910, 71:2023-09-03 07:45:26.451223, 72:2023-09-03 08:15:25.950536, 73:2023-09-03 08:45:25.449849, 74:2023-09-03 09:15:24.949162, 75:2023-09-03 09:45:24.448475, 76:2023-09-03 10:15:23.947788, 77:2023-09-03 10:45:23.447101, 78:2023-09-03 11:15:22.946414, 79:2023-09-03 11:45:22.445727, 80:2023-09-03 12:15:21.945040, 81:2023-09-03 12:45:21.444353, 82:2023-09-03 13:15:20.943666, 83:2023-09-03 13:45:20.442979, 84:2023-09-03 14:15:19.942292, 85:2023-09-03 14:45:19.441605, 86:2023-09-03 15:15:18.940918, 87:2023-09-03 15:45:18.440231, 88:2023-09-03 16:15:17.939544, 89:2023-09-03 16:45:17.438857, 90:2023-09-03 17:15:16.938170, 91:2023-09-03 17:45:16.437483, 92:2023-09-03 18:15:15.936796, 93:2023-09-03 18:45:15.436109, 94:2023-09-03 19:15:14.935422, 95:2023-09-03 19:45:14.434735, 96:2023-09-03 20:15:13.934048, 97:2023-09-03 20:45:13.433361, 98:2023-09-03 21:15:12.932674, 99:2023-09-03 21:45:12.431987, 100:2023-09-03 22:15:11.931300, 101:2023-09-03 22:45:11.430613, 102:2023-09-03 23:15:10.929926, 103:2023-09-03 23:45:10.429239, 104:2023-09-04 00:15:09.928552, 105:2023-09-04 00:45:09.427865, 106:2023-09-04 01:15:08.927178, 107:2023-09-04 01:45:08.426491, 108:2023-09-04 02:15:07.925804, 109:2023-09-04 02:45:07.425117, 110:2023-09-04 03:15:06.924430, 111:2023-09-04 03:45:06.423743, 112:2023-09-04 04:15:05.923056, 113:2023-09-04 04:45:05.422369, 114:2023-09-04 05:15:04.921682, 115:2023-09-04 05:45:04.420995, 116:2023-09-04 06:15:03.920308, 117:2023-09-04 06:45:03.419621, 118:2023-09-04 07:15:02.918934, 119:2023-09-04 07:45:02.418247, 120:2023-09-04 08:15:01.917560, 121:2023-09-04 08:45:01.416873",1x1,AICS-61,36,TCZYX,2D MG EMT no MG,FALSE,mEGFP,HIST1H2BJ,3,121,1848,1248,30,ZSD-1,20x/0.80,0.2708333333333333,0.2708333333333333,2,3500005824,Mon Aug 28 2023,31,TRUE,histone H2B type 1-J,29,CHIR99021|B27-/RPMI|2D MG EMT no MG|Diluted Matrigel Lot 118001 + DMEM/F12|Anti Collagen IV 660,heterochromatin,30 minutes,2D 12H,D7,nan,nan,nan,FALSE,FALSE,2.88,nan,nan,/allen/aics/assay-dev/computational/data/release/emt-data/colony_extra_22/main/3500005824_20X_P31_D7,https://dev-aics-dtp-001.int.allencell.org/website-3d-cell-viewer/viewer?url=https%3A%2F%2Fdev-aics-dtp-001.int.allencell.org%2F%2Fassay-dev%2Fcomputational%2Fdata%2Frelease%2Femt-data%2Fcolony_extra_22%2Fmain%2F3500005824_20X_P31_D7%2Fraw.ome.zarr,https://dev-aics-dtp-001.int.allencell.org//assay-dev/computational/data/release/emt-data/colony_extra_22/main/3500005824_20X_P31_D7/raw.ome.zarr
364,9a60d952fba04068b90430aba2d95ac1,"1:2023-09-29 19:27:09.960614, 2:2023-09-29 19:57:09.921229, 3:2023-09-29 20:27:09.881843, 4:2023-09-29 20:57:09.842457, 5:2023-09-29 21:27:09.803072, 6:2023-09-29 21:57:09.763686, 7:2023-09-29 22:27:09.724300, 8:2023-09-29 22:57:09.684914, 9:2023-09-29 23:27:09.645529, 10:2023-09-29 23:57:09.606143, 11:2023-09-30 00:27:09.566757, 12:2023-09-30 00:57:09.527372, 13:2023-09-30 01:27:09.487986, 14:2023-09-30 01:57:09.448600, 15:2023-09-30 02:27:09.409215, 16:2023-09-30 02:57:09.369829, 17:2023-09-30 03:27:09.330443, 18:2023-09-30 03:57:09.291057, 19:2023-09-30 04:27:09.251672, 20:2023-09-30 04:57:09.212286, 21:2023-09-30 05:27:09.172900, 22:2023-09-30 05:57:09.133515, 23:2023-09-30 06:27:09.094129, 24:2023-09-30 06:57:09.054743, 25:2023-09-30 07:27:09.015358, 26:2023-09-30 07:57:08.975972, 27:2023-09-30 08:27:08.936586, 28:2023-09-30 08:57:08.897200, 29:2023-09-30 09:27:08.857815, 30:2023-09-30 09:57:08.818429, 31:2023-09-30 10:27:08.779043, 32:2023-09-30 10:57:08.739658, 33:2023-09-30 11:27:08.700272, 34:2023-09-30 11:57:08.660886, 35:2023-09-30 12:27:08.621501, 36:2023-09-30 12:57:08.582115, 37:2023-09-30 13:27:08.542729, 38:2023-09-30 13:57:08.503343, 39:2023-09-30 14:27:08.463958, 40:2023-09-30 14:57:08.424572, 41:2023-09-30 15:27:08.385186, 42:2023-09-30 15:57:08.345801, 43:2023-09-30 16:27:08.306415, 44:2023-09-30 16:57:08.267029, 45:2023-09-30 17:27:08.227644, 46:2023-09-30 17:57:08.188258, 47:2023-09-30 18:27:08.148872, 48:2023-09-30 18:57:08.109486, 49:2023-09-30 19:27:08.070101, 50:2023-09-30 19:57:08.030715, 51:2023-09-30 20:27:07.991329, 52:2023-09-30 20:57:07.951944, 53:2023-09-30 21:27:07.912558, 54:2023-09-30 21:57:07.873172, 55:2023-09-30 22:27:07.833787, 56:2023-09-30 22:57:07.794401, 57:2023-09-30 23:27:07.755015, 58:2023-09-30 23:57:07.715629, 59:2023-10-01 00:27:07.676244, 60:2023-10-01 00:57:07.636858, 61:2023-10-01 01:27:07.597472, 62:2023-10-01 01:57:07.558087, 63:2023-10-01 02:27:07.518701, 64:2023-10-01 02:57:07.479315, 65:2023-10-01 03:27:07.439930, 66:2023-10-01 03:57:07.400544, 67:2023-10-01 04:27:07.361158, 68:2023-10-01 04:57:07.321772, 69:2023-10-01 05:27:07.282387, 70:2023-10-01 05:57:07.243001, 71:2023-10-01 06:27:07.203615, 72:2023-10-01 06:57:07.164230, 73:2023-10-01 07:27:07.124844, 74:2023-10-01 07:57:07.085458, 75:2023-10-01 08:27:07.046073, 76:2023-10-01 08:57:07.006687, 77:2023-10-01 09:27:06.967301, 78:2023-10-01 09:57:06.927915, 79:2023-10-01 10:27:06.888530, 80:2023-10-01 10:57:06.849144, 81:2023-10-01 11:27:06.809758, 82:2023-10-01 11:57:06.770373, 83:2023-10-01 12:27:06.730987, 84:2023-10-01 12:57:06.691601, 85:2023-10-01 13:27:06.652216, 86:2023-10-01 13:57:06.612830, 87:2023-10-01 14:27:06.573444, 88:2023-10-01 14:57:06.534058, 89:2023-10-01 15:27:06.494673, 90:2023-10-01 15:57:06.455287, 91:2023-10-01 16:27:06.415901, 92:2023-10-01 16:57:06.376516, 93:2023-10-01 17:27:06.337130, 94:2023-10-01 17:57:06.297744, 95:2023-10-01 18:27:06.258358, 96:2023-10-01 18:57:06.218973, 97:2023-10-01 19:27:06.179587, 98:2023-10-01 19:57:06.140201, 99:2023-10-01 20:27:06.100816, 100:2023-10-01 20:57:06.061430, 101:2023-10-01 21:27:06.022044, 102:2023-10-01 21:57:05.982659, 103:2023-10-01 22:27:05.943273, 104:2023-10-01 22:57:05.903887, 105:2023-10-01 23:27:05.864502, 106:2023-10-01 23:57:05.825116, 107:2023-10-02 00:27:05.785730, 108:2023-10-02 00:57:05.746344, 109:2023-10-02 01:27:05.706959, 110:2023-10-02 01:57:05.667573, 111:2023-10-02 02:27:05.628187, 112:2023-10-02 02:57:05.588802, 113:2023-10-02 03:27:05.549416, 114:2023-10-02 03:57:05.510030, 115:2023-10-02 04:27:05.470645, 116:2023-10-02 04:57:05.431259, 117:2023-10-02 05:27:05.391873, 118:2023-10-02 05:57:05.352487, 119:2023-10-02 06:27:05.313102, 120:2023-10-02 06:57:05.273716, 121:2023-10-02 07:27:05.234330",1x1,AICS-0,nan,TCZYX,3D MG EMT 1:60 MG,FALSE,unedited,unedited,3,121,1848,1248,30,ZSD-0,20x/0.80,0.2708333333333333,0.2708333333333333,2,3500005833,Mon Sep 25 2023,72,TRUE,unedited,72,Diluted Matrigel in mTeSR|3D MG EMT 1:60 MG|CHIR99021|Diluted Matrigel|B27-/RPMI|Diluted Matrigel Lot 118001 + DMEM/F12|Anti Collagen IV 660,nan,30 minutes,2D 12H,G7,nan,nan,nan,FALSE,FALSE,2.88,nan,nan,/allen/aics/assay-dev/computational/data/release/emt-data/colony_extra_22/main/3500005833_20X_P72_G7,https://dev-aics-dtp-001.int.allencell.org/website-3d-cell-viewer/viewer?url=https%3A%2F%2Fdev-aics-dtp-001.int.allencell.org%2F%2Fassay-dev%2Fcomputational%2Fdata%2Frelease%2Femt-data%2Fcolony_extra_22%2Fmain%2F3500005833_20X_P72_G7%2Fraw.ome.zarr,https://dev-aics-dtp-001.int.allencell.org//assay-dev/computational/data/release/emt-data/colony_extra_22/main/3500005833_20X_P72_G7/raw.ome.zarr
365,aa60cc966751411cad5b0bcbc271c989,"1:2023-09-29 19:27:09.960614, 2:2023-09-29 19:57:09.921229, 3:2023-09-29 20:27:09.881843, 4:2023-09-29 20:57:09.842457, 5:2023-09-29 21:27:09.803072, 6:2023-09-29 21:57:09.763686, 7:2023-09-29 22:27:09.724300, 8:2023-09-29 22:57:09.684914, 9:2023-09-29 23:27:09.645529, 10:2023-09-29 23:57:09.606143, 11:2023-09-30 00:27:09.566757, 12:2023-09-30 00:57:09.527372, 13:2023-09-30 01:27:09.487986, 14:2023-09-30 01:57:09.448600, 15:2023-09-30 02:27:09.409215, 16:2023-09-30 02:57:09.369829, 17:2023-09-30 03:27:09.330443, 18:2023-09-30 03:57:09.291057, 19:2023-09-30 04:27:09.251672, 20:2023-09-30 04:57:09.212286, 21:2023-09-30 05:27:09.172900, 22:2023-09-30 05:57:09.133515, 23:2023-09-30 06:27:09.094129, 24:2023-09-30 06:57:09.054743, 25:2023-09-30 07:27:09.015358, 26:2023-09-30 07:57:08.975972, 27:2023-09-30 08:27:08.936586, 28:2023-09-30 08:57:08.897200, 29:2023-09-30 09:27:08.857815, 30:2023-09-30 09:57:08.818429, 31:2023-09-30 10:27:08.779043, 32:2023-09-30 10:57:08.739658, 33:2023-09-30 11:27:08.700272, 34:2023-09-30 11:57:08.660886, 35:2023-09-30 12:27:08.621501, 36:2023-09-30 12:57:08.582115, 37:2023-09-30 13:27:08.542729, 38:2023-09-30 13:57:08.503343, 39:2023-09-30 14:27:08.463958, 40:2023-09-30 14:57:08.424572, 41:2023-09-30 15:27:08.385186, 42:2023-09-30 15:57:08.345801, 43:2023-09-30 16:27:08.306415, 44:2023-09-30 16:57:08.267029, 45:2023-09-30 17:27:08.227644, 46:2023-09-30 17:57:08.188258, 47:2023-09-30 18:27:08.148872, 48:2023-09-30 18:57:08.109486, 49:2023-09-30 19:27:08.070101, 50:2023-09-30 19:57:08.030715, 51:2023-09-30 20:27:07.991329, 52:2023-09-30 20:57:07.951944, 53:2023-09-30 21:27:07.912558, 54:2023-09-30 21:57:07.873172, 55:2023-09-30 22:27:07.833787, 56:2023-09-30 22:57:07.794401, 57:2023-09-30 23:27:07.755015, 58:2023-09-30 23:57:07.715629, 59:2023-10-01 00:27:07.676244, 60:2023-10-01 00:57:07.636858, 61:2023-10-01 01:27:07.597472, 62:2023-10-01 01:57:07.558087, 63:2023-10-01 02:27:07.518701, 64:2023-10-01 02:57:07.479315, 65:2023-10-01 03:27:07.439930, 66:2023-10-01 03:57:07.400544, 67:2023-10-01 04:27:07.361158, 68:2023-10-01 04:57:07.321772, 69:2023-10-01 05:27:07.282387, 70:2023-10-01 05:57:07.243001, 71:2023-10-01 06:27:07.203615, 72:2023-10-01 06:57:07.164230, 73:2023-10-01 07:27:07.124844, 74:2023-10-01 07:57:07.085458, 75:2023-10-01 08:27:07.046073, 76:2023-10-01 08:57:07.006687, 77:2023-10-01 09:27:06.967301, 78:2023-10-01 09:57:06.927915, 79:2023-10-01 10:27:06.888530, 80:2023-10-01 10:57:06.849144, 81:2023-10-01 11:27:06.809758, 82:2023-10-01 11:57:06.770373, 83:2023-10-01 12:27:06.730987, 84:2023-10-01 12:57:06.691601, 85:2023-10-01 13:27:06.652216, 86:2023-10-01 13:57:06.612830, 87:2023-10-01 14:27:06.573444, 88:2023-10-01 14:57:06.534058, 89:2023-10-01 15:27:06.494673, 90:2023-10-01 15:57:06.455287, 91:2023-10-01 16:27:06.415901, 92:2023-10-01 16:57:06.376516, 93:2023-10-01 17:27:06.337130, 94:2023-10-01 17:57:06.297744, 95:2023-10-01 18:27:06.258358, 96:2023-10-01 18:57:06.218973, 97:2023-10-01 19:27:06.179587, 98:2023-10-01 19:57:06.140201, 99:2023-10-01 20:27:06.100816, 100:2023-10-01 20:57:06.061430, 101:2023-10-01 21:27:06.022044, 102:2023-10-01 21:57:05.982659, 103:2023-10-01 22:27:05.943273, 104:2023-10-01 22:57:05.903887, 105:2023-10-01 23:27:05.864502, 106:2023-10-01 23:57:05.825116, 107:2023-10-02 00:27:05.785730, 108:2023-10-02 00:57:05.746344, 109:2023-10-02 01:27:05.706959, 110:2023-10-02 01:57:05.667573, 111:2023-10-02 02:27:05.628187, 112:2023-10-02 02:57:05.588802, 113:2023-10-02 03:27:05.549416, 114:2023-10-02 03:57:05.510030, 115:2023-10-02 04:27:05.470645, 116:2023-10-02 04:57:05.431259, 117:2023-10-02 05:27:05.391873, 118:2023-10-02 05:57:05.352487, 119:2023-10-02 06:27:05.313102, 120:2023-10-02 06:57:05.273716, 121:2023-10-02 07:27:05.234330",1x1,AICS-0,nan,TCZYX,3D MG EMT 1:60 MG,FALSE,unedited,unedited,3,121,1848,1248,30,ZSD-0,20x/0.80,0.2708333333333333,0.2708333333333333,2,3500005833,Mon Sep 25 2023,70,TRUE,unedited,71,Diluted Matrigel in mTeSR|3D MG EMT 1:60 MG|CHIR99021|Diluted Matrigel|B27-/RPMI|Diluted Matrigel Lot 118001 + DMEM/F12|Anti Collagen IV 660,nan,30 minutes,2D 12H,G7,nan,nan,nan,FALSE,FALSE,2.88,nan,nan,/allen/aics/assay-dev/computational/data/release/emt-data/colony_extra_22/main/3500005833_20X_P70_G7,https://dev-aics-dtp-001.int.allencell.org/website-3d-cell-viewer/viewer?url=https%3A%2F%2Fdev-aics-dtp-001.int.allencell.org%2F%2Fassay-dev%2Fcomputational%2Fdata%2Frelease%2Femt-data%2Fcolony_extra_22%2Fmain%2F3500005833_20X_P70_G7%2Fraw.ome.zarr,https://dev-aics-dtp-001.int.allencell.org//assay-dev/computational/data/release/emt-data/colony_extra_22/main/3500005833_20X_P70_G7/raw.ome.zarr
366,f09c6c6f054a43a1be702c6d4a67cc40,"1:2023-09-29 19:27:09.960614, 2:2023-09-29 19:57:09.921229, 3:2023-09-29 20:27:09.881843, 4:2023-09-29 20:57:09.842457, 5:2023-09-29 21:27:09.803072, 6:2023-09-29 21:57:09.763686, 7:2023-09-29 22:27:09.724300, 8:2023-09-29 22:57:09.684914, 9:2023-09-29 23:27:09.645529, 10:2023-09-29 23:57:09.606143, 11:2023-09-30 00:27:09.566757, 12:2023-09-30 00:57:09.527372, 13:2023-09-30 01:27:09.487986, 14:2023-09-30 01:57:09.448600, 15:2023-09-30 02:27:09.409215, 16:2023-09-30 02:57:09.369829, 17:2023-09-30 03:27:09.330443, 18:2023-09-30 03:57:09.291057, 19:2023-09-30 04:27:09.251672, 20:2023-09-30 04:57:09.212286, 21:2023-09-30 05:27:09.172900, 22:2023-09-30 05:57:09.133515, 23:2023-09-30 06:27:09.094129, 24:2023-09-30 06:57:09.054743, 25:2023-09-30 07:27:09.015358, 26:2023-09-30 07:57:08.975972, 27:2023-09-30 08:27:08.936586, 28:2023-09-30 08:57:08.897200, 29:2023-09-30 09:27:08.857815, 30:2023-09-30 09:57:08.818429, 31:2023-09-30 10:27:08.779043, 32:2023-09-30 10:57:08.739658, 33:2023-09-30 11:27:08.700272, 34:2023-09-30 11:57:08.660886, 35:2023-09-30 12:27:08.621501, 36:2023-09-30 12:57:08.582115, 37:2023-09-30 13:27:08.542729, 38:2023-09-30 13:57:08.503343, 39:2023-09-30 14:27:08.463958, 40:2023-09-30 14:57:08.424572, 41:2023-09-30 15:27:08.385186, 42:2023-09-30 15:57:08.345801, 43:2023-09-30 16:27:08.306415, 44:2023-09-30 16:57:08.267029, 45:2023-09-30 17:27:08.227644, 46:2023-09-30 17:57:08.188258, 47:2023-09-30 18:27:08.148872, 48:2023-09-30 18:57:08.109486, 49:2023-09-30 19:27:08.070101, 50:2023-09-30 19:57:08.030715, 51:2023-09-30 20:27:07.991329, 52:2023-09-30 20:57:07.951944, 53:2023-09-30 21:27:07.912558, 54:2023-09-30 21:57:07.873172, 55:2023-09-30 22:27:07.833787, 56:2023-09-30 22:57:07.794401, 57:2023-09-30 23:27:07.755015, 58:2023-09-30 23:57:07.715629, 59:2023-10-01 00:27:07.676244, 60:2023-10-01 00:57:07.636858, 61:2023-10-01 01:27:07.597472, 62:2023-10-01 01:57:07.558087, 63:2023-10-01 02:27:07.518701, 64:2023-10-01 02:57:07.479315, 65:2023-10-01 03:27:07.439930, 66:2023-10-01 03:57:07.400544, 67:2023-10-01 04:27:07.361158, 68:2023-10-01 04:57:07.321772, 69:2023-10-01 05:27:07.282387, 70:2023-10-01 05:57:07.243001, 71:2023-10-01 06:27:07.203615, 72:2023-10-01 06:57:07.164230, 73:2023-10-01 07:27:07.124844, 74:2023-10-01 07:57:07.085458, 75:2023-10-01 08:27:07.046073, 76:2023-10-01 08:57:07.006687, 77:2023-10-01 09:27:06.967301, 78:2023-10-01 09:57:06.927915, 79:2023-10-01 10:27:06.888530, 80:2023-10-01 10:57:06.849144, 81:2023-10-01 11:27:06.809758, 82:2023-10-01 11:57:06.770373, 83:2023-10-01 12:27:06.730987, 84:2023-10-01 12:57:06.691601, 85:2023-10-01 13:27:06.652216, 86:2023-10-01 13:57:06.612830, 87:2023-10-01 14:27:06.573444, 88:2023-10-01 14:57:06.534058, 89:2023-10-01 15:27:06.494673, 90:2023-10-01 15:57:06.455287, 91:2023-10-01 16:27:06.415901, 92:2023-10-01 16:57:06.376516, 93:2023-10-01 17:27:06.337130, 94:2023-10-01 17:57:06.297744, 95:2023-10-01 18:27:06.258358, 96:2023-10-01 18:57:06.218973, 97:2023-10-01 19:27:06.179587, 98:2023-10-01 19:57:06.140201, 99:2023-10-01 20:27:06.100816, 100:2023-10-01 20:57:06.061430, 101:2023-10-01 21:27:06.022044, 102:2023-10-01 21:57:05.982659, 103:2023-10-01 22:27:05.943273, 104:2023-10-01 22:57:05.903887, 105:2023-10-01 23:27:05.864502, 106:2023-10-01 23:57:05.825116, 107:2023-10-02 00:27:05.785730, 108:2023-10-02 00:57:05.746344, 109:2023-10-02 01:27:05.706959, 110:2023-10-02 01:57:05.667573, 111:2023-10-02 02:27:05.628187, 112:2023-10-02 02:57:05.588802, 113:2023-10-02 03:27:05.549416, 114:2023-10-02 03:57:05.510030, 115:2023-10-02 04:27:05.470645, 116:2023-10-02 04:57:05.431259, 117:2023-10-02 05:27:05.391873, 118:2023-10-02 05:57:05.352487, 119:2023-10-02 06:27:05.313102, 120:2023-10-02 06:57:05.273716, 121:2023-10-02 07:27:05.234330",1x1,AICS-0,nan,TCZYX,3D MG EMT 1:60 MG,FALSE,unedited,unedited,3,121,1848,1248,30,ZSD-0,20x/0.80,0.2708333333333333,0.2708333333333333,2,3500005833,Mon Sep 25 2023,71,TRUE,unedited,70,Diluted Matrigel in mTeSR|3D MG EMT 1:60 MG|CHIR99021|Diluted Matrigel|B27-/RPMI|Diluted Matrigel Lot 118001 + DMEM/F12|Anti Collagen IV 660,nan,30 minutes,2D 12H,G7,nan,nan,nan,FALSE,FALSE,2.88,nan,nan,/allen/aics/assay-dev/computational/data/release/emt-data/colony_extra_22/main/3500005833_20X_P71_G7,https://dev-aics-dtp-001.int.allencell.org/website-3d-cell-viewer/viewer?url=https%3A%2F%2Fdev-aics-dtp-001.int.allencell.org%2F%2Fassay-dev%2Fcomputational%2Fdata%2Frelease%2Femt-data%2Fcolony_extra_22%2Fmain%2F3500005833_20X_P71_G7%2Fraw.ome.zarr,https://dev-aics-dtp-001.int.allencell.org//assay-dev/computational/data/release/emt-data/colony_extra_22/main/3500005833_20X_P71_G7/raw.ome.zarr
367,1039f4fc0f0f4227be144bb56ae9e812,"1:2023-09-29 19:27:09.960614, 2:2023-09-29 19:57:09.921229, 3:2023-09-29 20:27:09.881843, 4:2023-09-29 20:57:09.842457, 5:2023-09-29 21:27:09.803072, 6:2023-09-29 21:57:09.763686, 7:2023-09-29 22:27:09.724300, 8:2023-09-29 22:57:09.684914, 9:2023-09-29 23:27:09.645529, 10:2023-09-29 23:57:09.606143, 11:2023-09-30 00:27:09.566757, 12:2023-09-30 00:57:09.527372, 13:2023-09-30 01:27:09.487986, 14:2023-09-30 01:57:09.448600, 15:2023-09-30 02:27:09.409215, 16:2023-09-30 02:57:09.369829, 17:2023-09-30 03:27:09.330443, 18:2023-09-30 03:57:09.291057, 19:2023-09-30 04:27:09.251672, 20:2023-09-30 04:57:09.212286, 21:2023-09-30 05:27:09.172900, 22:2023-09-30 05:57:09.133515, 23:2023-09-30 06:27:09.094129, 24:2023-09-30 06:57:09.054743, 25:2023-09-30 07:27:09.015358, 26:2023-09-30 07:57:08.975972, 27:2023-09-30 08:27:08.936586, 28:2023-09-30 08:57:08.897200, 29:2023-09-30 09:27:08.857815, 30:2023-09-30 09:57:08.818429, 31:2023-09-30 10:27:08.779043, 32:2023-09-30 10:57:08.739658, 33:2023-09-30 11:27:08.700272, 34:2023-09-30 11:57:08.660886, 35:2023-09-30 12:27:08.621501, 36:2023-09-30 12:57:08.582115, 37:2023-09-30 13:27:08.542729, 38:2023-09-30 13:57:08.503343, 39:2023-09-30 14:27:08.463958, 40:2023-09-30 14:57:08.424572, 41:2023-09-30 15:27:08.385186, 42:2023-09-30 15:57:08.345801, 43:2023-09-30 16:27:08.306415, 44:2023-09-30 16:57:08.267029, 45:2023-09-30 17:27:08.227644, 46:2023-09-30 17:57:08.188258, 47:2023-09-30 18:27:08.148872, 48:2023-09-30 18:57:08.109486, 49:2023-09-30 19:27:08.070101, 50:2023-09-30 19:57:08.030715, 51:2023-09-30 20:27:07.991329, 52:2023-09-30 20:57:07.951944, 53:2023-09-30 21:27:07.912558, 54:2023-09-30 21:57:07.873172, 55:2023-09-30 22:27:07.833787, 56:2023-09-30 22:57:07.794401, 57:2023-09-30 23:27:07.755015, 58:2023-09-30 23:57:07.715629, 59:2023-10-01 00:27:07.676244, 60:2023-10-01 00:57:07.636858, 61:2023-10-01 01:27:07.597472, 62:2023-10-01 01:57:07.558087, 63:2023-10-01 02:27:07.518701, 64:2023-10-01 02:57:07.479315, 65:2023-10-01 03:27:07.439930, 66:2023-10-01 03:57:07.400544, 67:2023-10-01 04:27:07.361158, 68:2023-10-01 04:57:07.321772, 69:2023-10-01 05:27:07.282387, 70:2023-10-01 05:57:07.243001, 71:2023-10-01 06:27:07.203615, 72:2023-10-01 06:57:07.164230, 73:2023-10-01 07:27:07.124844, 74:2023-10-01 07:57:07.085458, 75:2023-10-01 08:27:07.046073, 76:2023-10-01 08:57:07.006687, 77:2023-10-01 09:27:06.967301, 78:2023-10-01 09:57:06.927915, 79:2023-10-01 10:27:06.888530, 80:2023-10-01 10:57:06.849144, 81:2023-10-01 11:27:06.809758, 82:2023-10-01 11:57:06.770373, 83:2023-10-01 12:27:06.730987, 84:2023-10-01 12:57:06.691601, 85:2023-10-01 13:27:06.652216, 86:2023-10-01 13:57:06.612830, 87:2023-10-01 14:27:06.573444, 88:2023-10-01 14:57:06.534058, 89:2023-10-01 15:27:06.494673, 90:2023-10-01 15:57:06.455287, 91:2023-10-01 16:27:06.415901, 92:2023-10-01 16:57:06.376516, 93:2023-10-01 17:27:06.337130, 94:2023-10-01 17:57:06.297744, 95:2023-10-01 18:27:06.258358, 96:2023-10-01 18:57:06.218973, 97:2023-10-01 19:27:06.179587, 98:2023-10-01 19:57:06.140201, 99:2023-10-01 20:27:06.100816, 100:2023-10-01 20:57:06.061430, 101:2023-10-01 21:27:06.022044, 102:2023-10-01 21:57:05.982659, 103:2023-10-01 22:27:05.943273, 104:2023-10-01 22:57:05.903887, 105:2023-10-01 23:27:05.864502, 106:2023-10-01 23:57:05.825116, 107:2023-10-02 00:27:05.785730, 108:2023-10-02 00:57:05.746344, 109:2023-10-02 01:27:05.706959, 110:2023-10-02 01:57:05.667573, 111:2023-10-02 02:27:05.628187, 112:2023-10-02 02:57:05.588802, 113:2023-10-02 03:27:05.549416, 114:2023-10-02 03:57:05.510030, 115:2023-10-02 04:27:05.470645, 116:2023-10-02 04:57:05.431259, 117:2023-10-02 05:27:05.391873, 118:2023-10-02 05:57:05.352487, 119:2023-10-02 06:27:05.313102, 120:2023-10-02 06:57:05.273716, 121:2023-10-02 07:27:05.234330",1x1,AICS-0,nan,TCZYX,3D MG EMT 1:60 MG,FALSE,unedited,unedited,3,121,1848,1248,30,ZSD-0,20x/0.80,0.2708333333333333,0.2708333333333333,2,3500005833,Mon Sep 25 2023,68,TRUE,unedited,69,Diluted Matrigel in mTeSR|3D MG EMT 1:60 MG|CHIR99021|Diluted Matrigel|B27-/RPMI|Diluted Matrigel Lot 118001 + DMEM/F12|Anti Collagen IV 660,nan,30 minutes,2D 12H,G8,nan,nan,nan,FALSE,FALSE,2.88,nan,nan,/allen/aics/assay-dev/computational/data/release/emt-data/colony_extra_22/main/3500005833_20X_P68_G8,https://dev-aics-dtp-001.int.allencell.org/website-3d-cell-viewer/viewer?url=https%3A%2F%2Fdev-aics-dtp-001.int.allencell.org%2F%2Fassay-dev%2Fcomputational%2Fdata%2Frelease%2Femt-data%2Fcolony_extra_22%2Fmain%2F3500005833_20X_P68_G8%2Fraw.ome.zarr,https://dev-aics-dtp-001.int.allencell.org//assay-dev/computational/data/release/emt-data/colony_extra_22/main/3500005833_20X_P68_G8/raw.ome.zarr
368,6754ceed5a9541ff886c5ebd492753b8,"1:2023-09-29 19:27:09.960614, 2:2023-09-29 19:57:09.921229, 3:2023-09-29 20:27:09.881843, 4:2023-09-29 20:57:09.842457, 5:2023-09-29 21:27:09.803072, 6:2023-09-29 21:57:09.763686, 7:2023-09-29 22:27:09.724300, 8:2023-09-29 22:57:09.684914, 9:2023-09-29 23:27:09.645529, 10:2023-09-29 23:57:09.606143, 11:2023-09-30 00:27:09.566757, 12:2023-09-30 00:57:09.527372, 13:2023-09-30 01:27:09.487986, 14:2023-09-30 01:57:09.448600, 15:2023-09-30 02:27:09.409215, 16:2023-09-30 02:57:09.369829, 17:2023-09-30 03:27:09.330443, 18:2023-09-30 03:57:09.291057, 19:2023-09-30 04:27:09.251672, 20:2023-09-30 04:57:09.212286, 21:2023-09-30 05:27:09.172900, 22:2023-09-30 05:57:09.133515, 23:2023-09-30 06:27:09.094129, 24:2023-09-30 06:57:09.054743, 25:2023-09-30 07:27:09.015358, 26:2023-09-30 07:57:08.975972, 27:2023-09-30 08:27:08.936586, 28:2023-09-30 08:57:08.897200, 29:2023-09-30 09:27:08.857815, 30:2023-09-30 09:57:08.818429, 31:2023-09-30 10:27:08.779043, 32:2023-09-30 10:57:08.739658, 33:2023-09-30 11:27:08.700272, 34:2023-09-30 11:57:08.660886, 35:2023-09-30 12:27:08.621501, 36:2023-09-30 12:57:08.582115, 37:2023-09-30 13:27:08.542729, 38:2023-09-30 13:57:08.503343, 39:2023-09-30 14:27:08.463958, 40:2023-09-30 14:57:08.424572, 41:2023-09-30 15:27:08.385186, 42:2023-09-30 15:57:08.345801, 43:2023-09-30 16:27:08.306415, 44:2023-09-30 16:57:08.267029, 45:2023-09-30 17:27:08.227644, 46:2023-09-30 17:57:08.188258, 47:2023-09-30 18:27:08.148872, 48:2023-09-30 18:57:08.109486, 49:2023-09-30 19:27:08.070101, 50:2023-09-30 19:57:08.030715, 51:2023-09-30 20:27:07.991329, 52:2023-09-30 20:57:07.951944, 53:2023-09-30 21:27:07.912558, 54:2023-09-30 21:57:07.873172, 55:2023-09-30 22:27:07.833787, 56:2023-09-30 22:57:07.794401, 57:2023-09-30 23:27:07.755015, 58:2023-09-30 23:57:07.715629, 59:2023-10-01 00:27:07.676244, 60:2023-10-01 00:57:07.636858, 61:2023-10-01 01:27:07.597472, 62:2023-10-01 01:57:07.558087, 63:2023-10-01 02:27:07.518701, 64:2023-10-01 02:57:07.479315, 65:2023-10-01 03:27:07.439930, 66:2023-10-01 03:57:07.400544, 67:2023-10-01 04:27:07.361158, 68:2023-10-01 04:57:07.321772, 69:2023-10-01 05:27:07.282387, 70:2023-10-01 05:57:07.243001, 71:2023-10-01 06:27:07.203615, 72:2023-10-01 06:57:07.164230, 73:2023-10-01 07:27:07.124844, 74:2023-10-01 07:57:07.085458, 75:2023-10-01 08:27:07.046073, 76:2023-10-01 08:57:07.006687, 77:2023-10-01 09:27:06.967301, 78:2023-10-01 09:57:06.927915, 79:2023-10-01 10:27:06.888530, 80:2023-10-01 10:57:06.849144, 81:2023-10-01 11:27:06.809758, 82:2023-10-01 11:57:06.770373, 83:2023-10-01 12:27:06.730987, 84:2023-10-01 12:57:06.691601, 85:2023-10-01 13:27:06.652216, 86:2023-10-01 13:57:06.612830, 87:2023-10-01 14:27:06.573444, 88:2023-10-01 14:57:06.534058, 89:2023-10-01 15:27:06.494673, 90:2023-10-01 15:57:06.455287, 91:2023-10-01 16:27:06.415901, 92:2023-10-01 16:57:06.376516, 93:2023-10-01 17:27:06.337130, 94:2023-10-01 17:57:06.297744, 95:2023-10-01 18:27:06.258358, 96:2023-10-01 18:57:06.218973, 97:2023-10-01 19:27:06.179587, 98:2023-10-01 19:57:06.140201, 99:2023-10-01 20:27:06.100816, 100:2023-10-01 20:57:06.061430, 101:2023-10-01 21:27:06.022044, 102:2023-10-01 21:57:05.982659, 103:2023-10-01 22:27:05.943273, 104:2023-10-01 22:57:05.903887, 105:2023-10-01 23:27:05.864502, 106:2023-10-01 23:57:05.825116, 107:2023-10-02 00:27:05.785730, 108:2023-10-02 00:57:05.746344, 109:2023-10-02 01:27:05.706959, 110:2023-10-02 01:57:05.667573, 111:2023-10-02 02:27:05.628187, 112:2023-10-02 02:57:05.588802, 113:2023-10-02 03:27:05.549416, 114:2023-10-02 03:57:05.510030, 115:2023-10-02 04:27:05.470645, 116:2023-10-02 04:57:05.431259, 117:2023-10-02 05:27:05.391873, 118:2023-10-02 05:57:05.352487, 119:2023-10-02 06:27:05.313102, 120:2023-10-02 06:57:05.273716, 121:2023-10-02 07:27:05.234330",1x1,AICS-0,nan,TCZYX,3D MG EMT 1:60 MG,FALSE,unedited,unedited,3,121,1848,1248,30,ZSD-0,20x/0.80,0.2708333333333333,0.2708333333333333,2,3500005833,Mon Sep 25 2023,67,TRUE,unedited,67,Diluted Matrigel in mTeSR|3D MG EMT 1:60 MG|CHIR99021|Diluted Matrigel|B27-/RPMI|Diluted Matrigel Lot 118001 + DMEM/F12|Anti Collagen IV 660,nan,30 minutes,2D 12H,G8,nan,nan,nan,FALSE,FALSE,2.88,nan,nan,/allen/aics/assay-dev/computational/data/release/emt-data/colony_extra_22/main/3500005833_20X_P67_G8,https://dev-aics-dtp-001.int.allencell.org/website-3d-cell-viewer/viewer?url=https%3A%2F%2Fdev-aics-dtp-001.int.allencell.org%2F%2Fassay-dev%2Fcomputational%2Fdata%2Frelease%2Femt-data%2Fcolony_extra_22%2Fmain%2F3500005833_20X_P67_G8%2Fraw.ome.zarr,https://dev-aics-dtp-001.int.allencell.org//assay-dev/computational/data/release/emt-data/colony_extra_22/main/3500005833_20X_P67_G8/raw.ome.zarr
369,ff940157bf8b4a3e89f2bf9c0f00a431,"1:2023-09-29 19:27:09.960614, 2:2023-09-29 19:57:09.921229, 3:2023-09-29 20:27:09.881843, 4:2023-09-29 20:57:09.842457, 5:2023-09-29 21:27:09.803072, 6:2023-09-29 21:57:09.763686, 7:2023-09-29 22:27:09.724300, 8:2023-09-29 22:57:09.684914, 9:2023-09-29 23:27:09.645529, 10:2023-09-29 23:57:09.606143, 11:2023-09-30 00:27:09.566757, 12:2023-09-30 00:57:09.527372, 13:2023-09-30 01:27:09.487986, 14:2023-09-30 01:57:09.448600, 15:2023-09-30 02:27:09.409215, 16:2023-09-30 02:57:09.369829, 17:2023-09-30 03:27:09.330443, 18:2023-09-30 03:57:09.291057, 19:2023-09-30 04:27:09.251672, 20:2023-09-30 04:57:09.212286, 21:2023-09-30 05:27:09.172900, 22:2023-09-30 05:57:09.133515, 23:2023-09-30 06:27:09.094129, 24:2023-09-30 06:57:09.054743, 25:2023-09-30 07:27:09.015358, 26:2023-09-30 07:57:08.975972, 27:2023-09-30 08:27:08.936586, 28:2023-09-30 08:57:08.897200, 29:2023-09-30 09:27:08.857815, 30:2023-09-30 09:57:08.818429, 31:2023-09-30 10:27:08.779043, 32:2023-09-30 10:57:08.739658, 33:2023-09-30 11:27:08.700272, 34:2023-09-30 11:57:08.660886, 35:2023-09-30 12:27:08.621501, 36:2023-09-30 12:57:08.582115, 37:2023-09-30 13:27:08.542729, 38:2023-09-30 13:57:08.503343, 39:2023-09-30 14:27:08.463958, 40:2023-09-30 14:57:08.424572, 41:2023-09-30 15:27:08.385186, 42:2023-09-30 15:57:08.345801, 43:2023-09-30 16:27:08.306415, 44:2023-09-30 16:57:08.267029, 45:2023-09-30 17:27:08.227644, 46:2023-09-30 17:57:08.188258, 47:2023-09-30 18:27:08.148872, 48:2023-09-30 18:57:08.109486, 49:2023-09-30 19:27:08.070101, 50:2023-09-30 19:57:08.030715, 51:2023-09-30 20:27:07.991329, 52:2023-09-30 20:57:07.951944, 53:2023-09-30 21:27:07.912558, 54:2023-09-30 21:57:07.873172, 55:2023-09-30 22:27:07.833787, 56:2023-09-30 22:57:07.794401, 57:2023-09-30 23:27:07.755015, 58:2023-09-30 23:57:07.715629, 59:2023-10-01 00:27:07.676244, 60:2023-10-01 00:57:07.636858, 61:2023-10-01 01:27:07.597472, 62:2023-10-01 01:57:07.558087, 63:2023-10-01 02:27:07.518701, 64:2023-10-01 02:57:07.479315, 65:2023-10-01 03:27:07.439930, 66:2023-10-01 03:57:07.400544, 67:2023-10-01 04:27:07.361158, 68:2023-10-01 04:57:07.321772, 69:2023-10-01 05:27:07.282387, 70:2023-10-01 05:57:07.243001, 71:2023-10-01 06:27:07.203615, 72:2023-10-01 06:57:07.164230, 73:2023-10-01 07:27:07.124844, 74:2023-10-01 07:57:07.085458, 75:2023-10-01 08:27:07.046073, 76:2023-10-01 08:57:07.006687, 77:2023-10-01 09:27:06.967301, 78:2023-10-01 09:57:06.927915, 79:2023-10-01 10:27:06.888530, 80:2023-10-01 10:57:06.849144, 81:2023-10-01 11:27:06.809758, 82:2023-10-01 11:57:06.770373, 83:2023-10-01 12:27:06.730987, 84:2023-10-01 12:57:06.691601, 85:2023-10-01 13:27:06.652216, 86:2023-10-01 13:57:06.612830, 87:2023-10-01 14:27:06.573444, 88:2023-10-01 14:57:06.534058, 89:2023-10-01 15:27:06.494673, 90:2023-10-01 15:57:06.455287, 91:2023-10-01 16:27:06.415901, 92:2023-10-01 16:57:06.376516, 93:2023-10-01 17:27:06.337130, 94:2023-10-01 17:57:06.297744, 95:2023-10-01 18:27:06.258358, 96:2023-10-01 18:57:06.218973, 97:2023-10-01 19:27:06.179587, 98:2023-10-01 19:57:06.140201, 99:2023-10-01 20:27:06.100816, 100:2023-10-01 20:57:06.061430, 101:2023-10-01 21:27:06.022044, 102:2023-10-01 21:57:05.982659, 103:2023-10-01 22:27:05.943273, 104:2023-10-01 22:57:05.903887, 105:2023-10-01 23:27:05.864502, 106:2023-10-01 23:57:05.825116, 107:2023-10-02 00:27:05.785730, 108:2023-10-02 00:57:05.746344, 109:2023-10-02 01:27:05.706959, 110:2023-10-02 01:57:05.667573, 111:2023-10-02 02:27:05.628187, 112:2023-10-02 02:57:05.588802, 113:2023-10-02 03:27:05.549416, 114:2023-10-02 03:57:05.510030, 115:2023-10-02 04:27:05.470645, 116:2023-10-02 04:57:05.431259, 117:2023-10-02 05:27:05.391873, 118:2023-10-02 05:57:05.352487, 119:2023-10-02 06:27:05.313102, 120:2023-10-02 06:57:05.273716, 121:2023-10-02 07:27:05.234330",1x1,AICS-0,nan,TCZYX,3D MG EMT no MG,FALSE,unedited,unedited,3,121,1848,1248,30,ZSD-0,20x/0.80,0.2708333333333333,0.2708333333333333,2,3500005833,Mon Sep 25 2023,62,TRUE,unedited,63,Diluted Matrigel in mTeSR|3D MG EMT no MG|CHIR99021|B27-/RPMI|Diluted Matrigel Lot 118001 + DMEM/F12|Anti Collagen IV 660,nan,30 minutes,2D 12H,G10,nan,nan,nan,FALSE,FALSE,2.88,nan,nan,/allen/aics/assay-dev/computational/data/release/emt-data/colony_extra_22/main/3500005833_20X_P62_G10,https://dev-aics-dtp-001.int.allencell.org/website-3d-cell-viewer/viewer?url=https%3A%2F%2Fdev-aics-dtp-001.int.allencell.org%2F%2Fassay-dev%2Fcomputational%2Fdata%2Frelease%2Femt-data%2Fcolony_extra_22%2Fmain%2F3500005833_20X_P62_G10%2Fraw.ome.zarr,https://dev-aics-dtp-001.int.allencell.org//assay-dev/computational/data/release/emt-data/colony_extra_22/main/3500005833_20X_P62_G10/raw.ome.zarr
370,aa5ae52cc71e454b9741954f04060695,"1:2023-09-29 19:27:09.960614, 2:2023-09-29 19:57:09.921229, 3:2023-09-29 20:27:09.881843, 4:2023-09-29 20:57:09.842457, 5:2023-09-29 21:27:09.803072, 6:2023-09-29 21:57:09.763686, 7:2023-09-29 22:27:09.724300, 8:2023-09-29 22:57:09.684914, 9:2023-09-29 23:27:09.645529, 10:2023-09-29 23:57:09.606143, 11:2023-09-30 00:27:09.566757, 12:2023-09-30 00:57:09.527372, 13:2023-09-30 01:27:09.487986, 14:2023-09-30 01:57:09.448600, 15:2023-09-30 02:27:09.409215, 16:2023-09-30 02:57:09.369829, 17:2023-09-30 03:27:09.330443, 18:2023-09-30 03:57:09.291057, 19:2023-09-30 04:27:09.251672, 20:2023-09-30 04:57:09.212286, 21:2023-09-30 05:27:09.172900, 22:2023-09-30 05:57:09.133515, 23:2023-09-30 06:27:09.094129, 24:2023-09-30 06:57:09.054743, 25:2023-09-30 07:27:09.015358, 26:2023-09-30 07:57:08.975972, 27:2023-09-30 08:27:08.936586, 28:2023-09-30 08:57:08.897200, 29:2023-09-30 09:27:08.857815, 30:2023-09-30 09:57:08.818429, 31:2023-09-30 10:27:08.779043, 32:2023-09-30 10:57:08.739658, 33:2023-09-30 11:27:08.700272, 34:2023-09-30 11:57:08.660886, 35:2023-09-30 12:27:08.621501, 36:2023-09-30 12:57:08.582115, 37:2023-09-30 13:27:08.542729, 38:2023-09-30 13:57:08.503343, 39:2023-09-30 14:27:08.463958, 40:2023-09-30 14:57:08.424572, 41:2023-09-30 15:27:08.385186, 42:2023-09-30 15:57:08.345801, 43:2023-09-30 16:27:08.306415, 44:2023-09-30 16:57:08.267029, 45:2023-09-30 17:27:08.227644, 46:2023-09-30 17:57:08.188258, 47:2023-09-30 18:27:08.148872, 48:2023-09-30 18:57:08.109486, 49:2023-09-30 19:27:08.070101, 50:2023-09-30 19:57:08.030715, 51:2023-09-30 20:27:07.991329, 52:2023-09-30 20:57:07.951944, 53:2023-09-30 21:27:07.912558, 54:2023-09-30 21:57:07.873172, 55:2023-09-30 22:27:07.833787, 56:2023-09-30 22:57:07.794401, 57:2023-09-30 23:27:07.755015, 58:2023-09-30 23:57:07.715629, 59:2023-10-01 00:27:07.676244, 60:2023-10-01 00:57:07.636858, 61:2023-10-01 01:27:07.597472, 62:2023-10-01 01:57:07.558087, 63:2023-10-01 02:27:07.518701, 64:2023-10-01 02:57:07.479315, 65:2023-10-01 03:27:07.439930, 66:2023-10-01 03:57:07.400544, 67:2023-10-01 04:27:07.361158, 68:2023-10-01 04:57:07.321772, 69:2023-10-01 05:27:07.282387, 70:2023-10-01 05:57:07.243001, 71:2023-10-01 06:27:07.203615, 72:2023-10-01 06:57:07.164230, 73:2023-10-01 07:27:07.124844, 74:2023-10-01 07:57:07.085458, 75:2023-10-01 08:27:07.046073, 76:2023-10-01 08:57:07.006687, 77:2023-10-01 09:27:06.967301, 78:2023-10-01 09:57:06.927915, 79:2023-10-01 10:27:06.888530, 80:2023-10-01 10:57:06.849144, 81:2023-10-01 11:27:06.809758, 82:2023-10-01 11:57:06.770373, 83:2023-10-01 12:27:06.730987, 84:2023-10-01 12:57:06.691601, 85:2023-10-01 13:27:06.652216, 86:2023-10-01 13:57:06.612830, 87:2023-10-01 14:27:06.573444, 88:2023-10-01 14:57:06.534058, 89:2023-10-01 15:27:06.494673, 90:2023-10-01 15:57:06.455287, 91:2023-10-01 16:27:06.415901, 92:2023-10-01 16:57:06.376516, 93:2023-10-01 17:27:06.337130, 94:2023-10-01 17:57:06.297744, 95:2023-10-01 18:27:06.258358, 96:2023-10-01 18:57:06.218973, 97:2023-10-01 19:27:06.179587, 98:2023-10-01 19:57:06.140201, 99:2023-10-01 20:27:06.100816, 100:2023-10-01 20:57:06.061430, 101:2023-10-01 21:27:06.022044, 102:2023-10-01 21:57:05.982659, 103:2023-10-01 22:27:05.943273, 104:2023-10-01 22:57:05.903887, 105:2023-10-01 23:27:05.864502, 106:2023-10-01 23:57:05.825116, 107:2023-10-02 00:27:05.785730, 108:2023-10-02 00:57:05.746344, 109:2023-10-02 01:27:05.706959, 110:2023-10-02 01:57:05.667573, 111:2023-10-02 02:27:05.628187, 112:2023-10-02 02:57:05.588802, 113:2023-10-02 03:27:05.549416, 114:2023-10-02 03:57:05.510030, 115:2023-10-02 04:27:05.470645, 116:2023-10-02 04:57:05.431259, 117:2023-10-02 05:27:05.391873, 118:2023-10-02 05:57:05.352487, 119:2023-10-02 06:27:05.313102, 120:2023-10-02 06:57:05.273716, 121:2023-10-02 07:27:05.234330",1x1,AICS-0,nan,TCZYX,2D MG EMT 1:60 MG,FALSE,unedited,unedited,3,121,1848,1248,30,ZSD-0,20x/0.80,0.2708333333333333,0.2708333333333333,2,3500005833,Mon Sep 25 2023,58,TRUE,unedited,60,2D MG EMT 1:60 MG|CHIR99021|Diluted Matrigel|B27-/RPMI|Diluted Matrigel Lot 118001 + DMEM/F12|Anti Collagen IV 660,nan,30 minutes,2D 12H,F8,nan,nan,nan,FALSE,FALSE,2.88,nan,nan,/allen/aics/assay-dev/computational/data/release/emt-data/colony_extra_22/main/3500005833_20X_P58_F8,https://dev-aics-dtp-001.int.allencell.org/website-3d-cell-viewer/viewer?url=https%3A%2F%2Fdev-aics-dtp-001.int.allencell.org%2F%2Fassay-dev%2Fcomputational%2Fdata%2Frelease%2Femt-data%2Fcolony_extra_22%2Fmain%2F3500005833_20X_P58_F8%2Fraw.ome.zarr,https://dev-aics-dtp-001.int.allencell.org//assay-dev/computational/data/release/emt-data/colony_extra_22/main/3500005833_20X_P58_F8/raw.ome.zarr
371,4f9cb477abc54647a5367d449cc16563,"1:2023-09-29 19:27:09.960614, 2:2023-09-29 19:57:09.921229, 3:2023-09-29 20:27:09.881843, 4:2023-09-29 20:57:09.842457, 5:2023-09-29 21:27:09.803072, 6:2023-09-29 21:57:09.763686, 7:2023-09-29 22:27:09.724300, 8:2023-09-29 22:57:09.684914, 9:2023-09-29 23:27:09.645529, 10:2023-09-29 23:57:09.606143, 11:2023-09-30 00:27:09.566757, 12:2023-09-30 00:57:09.527372, 13:2023-09-30 01:27:09.487986, 14:2023-09-30 01:57:09.448600, 15:2023-09-30 02:27:09.409215, 16:2023-09-30 02:57:09.369829, 17:2023-09-30 03:27:09.330443, 18:2023-09-30 03:57:09.291057, 19:2023-09-30 04:27:09.251672, 20:2023-09-30 04:57:09.212286, 21:2023-09-30 05:27:09.172900, 22:2023-09-30 05:57:09.133515, 23:2023-09-30 06:27:09.094129, 24:2023-09-30 06:57:09.054743, 25:2023-09-30 07:27:09.015358, 26:2023-09-30 07:57:08.975972, 27:2023-09-30 08:27:08.936586, 28:2023-09-30 08:57:08.897200, 29:2023-09-30 09:27:08.857815, 30:2023-09-30 09:57:08.818429, 31:2023-09-30 10:27:08.779043, 32:2023-09-30 10:57:08.739658, 33:2023-09-30 11:27:08.700272, 34:2023-09-30 11:57:08.660886, 35:2023-09-30 12:27:08.621501, 36:2023-09-30 12:57:08.582115, 37:2023-09-30 13:27:08.542729, 38:2023-09-30 13:57:08.503343, 39:2023-09-30 14:27:08.463958, 40:2023-09-30 14:57:08.424572, 41:2023-09-30 15:27:08.385186, 42:2023-09-30 15:57:08.345801, 43:2023-09-30 16:27:08.306415, 44:2023-09-30 16:57:08.267029, 45:2023-09-30 17:27:08.227644, 46:2023-09-30 17:57:08.188258, 47:2023-09-30 18:27:08.148872, 48:2023-09-30 18:57:08.109486, 49:2023-09-30 19:27:08.070101, 50:2023-09-30 19:57:08.030715, 51:2023-09-30 20:27:07.991329, 52:2023-09-30 20:57:07.951944, 53:2023-09-30 21:27:07.912558, 54:2023-09-30 21:57:07.873172, 55:2023-09-30 22:27:07.833787, 56:2023-09-30 22:57:07.794401, 57:2023-09-30 23:27:07.755015, 58:2023-09-30 23:57:07.715629, 59:2023-10-01 00:27:07.676244, 60:2023-10-01 00:57:07.636858, 61:2023-10-01 01:27:07.597472, 62:2023-10-01 01:57:07.558087, 63:2023-10-01 02:27:07.518701, 64:2023-10-01 02:57:07.479315, 65:2023-10-01 03:27:07.439930, 66:2023-10-01 03:57:07.400544, 67:2023-10-01 04:27:07.361158, 68:2023-10-01 04:57:07.321772, 69:2023-10-01 05:27:07.282387, 70:2023-10-01 05:57:07.243001, 71:2023-10-01 06:27:07.203615, 72:2023-10-01 06:57:07.164230, 73:2023-10-01 07:27:07.124844, 74:2023-10-01 07:57:07.085458, 75:2023-10-01 08:27:07.046073, 76:2023-10-01 08:57:07.006687, 77:2023-10-01 09:27:06.967301, 78:2023-10-01 09:57:06.927915, 79:2023-10-01 10:27:06.888530, 80:2023-10-01 10:57:06.849144, 81:2023-10-01 11:27:06.809758, 82:2023-10-01 11:57:06.770373, 83:2023-10-01 12:27:06.730987, 84:2023-10-01 12:57:06.691601, 85:2023-10-01 13:27:06.652216, 86:2023-10-01 13:57:06.612830, 87:2023-10-01 14:27:06.573444, 88:2023-10-01 14:57:06.534058, 89:2023-10-01 15:27:06.494673, 90:2023-10-01 15:57:06.455287, 91:2023-10-01 16:27:06.415901, 92:2023-10-01 16:57:06.376516, 93:2023-10-01 17:27:06.337130, 94:2023-10-01 17:57:06.297744, 95:2023-10-01 18:27:06.258358, 96:2023-10-01 18:57:06.218973, 97:2023-10-01 19:27:06.179587, 98:2023-10-01 19:57:06.140201, 99:2023-10-01 20:27:06.100816, 100:2023-10-01 20:57:06.061430, 101:2023-10-01 21:27:06.022044, 102:2023-10-01 21:57:05.982659, 103:2023-10-01 22:27:05.943273, 104:2023-10-01 22:57:05.903887, 105:2023-10-01 23:27:05.864502, 106:2023-10-01 23:57:05.825116, 107:2023-10-02 00:27:05.785730, 108:2023-10-02 00:57:05.746344, 109:2023-10-02 01:27:05.706959, 110:2023-10-02 01:57:05.667573, 111:2023-10-02 02:27:05.628187, 112:2023-10-02 02:57:05.588802, 113:2023-10-02 03:27:05.549416, 114:2023-10-02 03:57:05.510030, 115:2023-10-02 04:27:05.470645, 116:2023-10-02 04:57:05.431259, 117:2023-10-02 05:27:05.391873, 118:2023-10-02 05:57:05.352487, 119:2023-10-02 06:27:05.313102, 120:2023-10-02 06:57:05.273716, 121:2023-10-02 07:27:05.234330",1x1,AICS-0,nan,TCZYX,2D MG EMT 1:60 MG,FALSE,unedited,unedited,3,121,1848,1248,30,ZSD-0,20x/0.80,0.2708333333333333,0.2708333333333333,2,3500005833,Mon Sep 25 2023,52,TRUE,unedited,56,2D MG EMT 1:60 MG|CHIR99021|Diluted Matrigel|B27-/RPMI|Diluted Matrigel Lot 118001 + DMEM/F12|Anti Collagen IV 660,nan,30 minutes,2D 12H,F7,nan,nan,nan,FALSE,FALSE,2.88,nan,nan,/allen/aics/assay-dev/computational/data/release/emt-data/colony_extra_22/main/3500005833_20X_P52_F7,https://dev-aics-dtp-001.int.allencell.org/website-3d-cell-viewer/viewer?url=https%3A%2F%2Fdev-aics-dtp-001.int.allencell.org%2F%2Fassay-dev%2Fcomputational%2Fdata%2Frelease%2Femt-data%2Fcolony_extra_22%2Fmain%2F3500005833_20X_P52_F7%2Fraw.ome.zarr,https://dev-aics-dtp-001.int.allencell.org//assay-dev/computational/data/release/emt-data/colony_extra_22/main/3500005833_20X_P52_F7/raw.ome.zarr
372,289ccf78ec3b4d86b87429f51570d6a1,"1:2023-09-29 19:27:09.960614, 2:2023-09-29 19:57:09.921229, 3:2023-09-29 20:27:09.881843, 4:2023-09-29 20:57:09.842457, 5:2023-09-29 21:27:09.803072, 6:2023-09-29 21:57:09.763686, 7:2023-09-29 22:27:09.724300, 8:2023-09-29 22:57:09.684914, 9:2023-09-29 23:27:09.645529, 10:2023-09-29 23:57:09.606143, 11:2023-09-30 00:27:09.566757, 12:2023-09-30 00:57:09.527372, 13:2023-09-30 01:27:09.487986, 14:2023-09-30 01:57:09.448600, 15:2023-09-30 02:27:09.409215, 16:2023-09-30 02:57:09.369829, 17:2023-09-30 03:27:09.330443, 18:2023-09-30 03:57:09.291057, 19:2023-09-30 04:27:09.251672, 20:2023-09-30 04:57:09.212286, 21:2023-09-30 05:27:09.172900, 22:2023-09-30 05:57:09.133515, 23:2023-09-30 06:27:09.094129, 24:2023-09-30 06:57:09.054743, 25:2023-09-30 07:27:09.015358, 26:2023-09-30 07:57:08.975972, 27:2023-09-30 08:27:08.936586, 28:2023-09-30 08:57:08.897200, 29:2023-09-30 09:27:08.857815, 30:2023-09-30 09:57:08.818429, 31:2023-09-30 10:27:08.779043, 32:2023-09-30 10:57:08.739658, 33:2023-09-30 11:27:08.700272, 34:2023-09-30 11:57:08.660886, 35:2023-09-30 12:27:08.621501, 36:2023-09-30 12:57:08.582115, 37:2023-09-30 13:27:08.542729, 38:2023-09-30 13:57:08.503343, 39:2023-09-30 14:27:08.463958, 40:2023-09-30 14:57:08.424572, 41:2023-09-30 15:27:08.385186, 42:2023-09-30 15:57:08.345801, 43:2023-09-30 16:27:08.306415, 44:2023-09-30 16:57:08.267029, 45:2023-09-30 17:27:08.227644, 46:2023-09-30 17:57:08.188258, 47:2023-09-30 18:27:08.148872, 48:2023-09-30 18:57:08.109486, 49:2023-09-30 19:27:08.070101, 50:2023-09-30 19:57:08.030715, 51:2023-09-30 20:27:07.991329, 52:2023-09-30 20:57:07.951944, 53:2023-09-30 21:27:07.912558, 54:2023-09-30 21:57:07.873172, 55:2023-09-30 22:27:07.833787, 56:2023-09-30 22:57:07.794401, 57:2023-09-30 23:27:07.755015, 58:2023-09-30 23:57:07.715629, 59:2023-10-01 00:27:07.676244, 60:2023-10-01 00:57:07.636858, 61:2023-10-01 01:27:07.597472, 62:2023-10-01 01:57:07.558087, 63:2023-10-01 02:27:07.518701, 64:2023-10-01 02:57:07.479315, 65:2023-10-01 03:27:07.439930, 66:2023-10-01 03:57:07.400544, 67:2023-10-01 04:27:07.361158, 68:2023-10-01 04:57:07.321772, 69:2023-10-01 05:27:07.282387, 70:2023-10-01 05:57:07.243001, 71:2023-10-01 06:27:07.203615, 72:2023-10-01 06:57:07.164230, 73:2023-10-01 07:27:07.124844, 74:2023-10-01 07:57:07.085458, 75:2023-10-01 08:27:07.046073, 76:2023-10-01 08:57:07.006687, 77:2023-10-01 09:27:06.967301, 78:2023-10-01 09:57:06.927915, 79:2023-10-01 10:27:06.888530, 80:2023-10-01 10:57:06.849144, 81:2023-10-01 11:27:06.809758, 82:2023-10-01 11:57:06.770373, 83:2023-10-01 12:27:06.730987, 84:2023-10-01 12:57:06.691601, 85:2023-10-01 13:27:06.652216, 86:2023-10-01 13:57:06.612830, 87:2023-10-01 14:27:06.573444, 88:2023-10-01 14:57:06.534058, 89:2023-10-01 15:27:06.494673, 90:2023-10-01 15:57:06.455287, 91:2023-10-01 16:27:06.415901, 92:2023-10-01 16:57:06.376516, 93:2023-10-01 17:27:06.337130, 94:2023-10-01 17:57:06.297744, 95:2023-10-01 18:27:06.258358, 96:2023-10-01 18:57:06.218973, 97:2023-10-01 19:27:06.179587, 98:2023-10-01 19:57:06.140201, 99:2023-10-01 20:27:06.100816, 100:2023-10-01 20:57:06.061430, 101:2023-10-01 21:27:06.022044, 102:2023-10-01 21:57:05.982659, 103:2023-10-01 22:27:05.943273, 104:2023-10-01 22:57:05.903887, 105:2023-10-01 23:27:05.864502, 106:2023-10-01 23:57:05.825116, 107:2023-10-02 00:27:05.785730, 108:2023-10-02 00:57:05.746344, 109:2023-10-02 01:27:05.706959, 110:2023-10-02 01:57:05.667573, 111:2023-10-02 02:27:05.628187, 112:2023-10-02 02:57:05.588802, 113:2023-10-02 03:27:05.549416, 114:2023-10-02 03:57:05.510030, 115:2023-10-02 04:27:05.470645, 116:2023-10-02 04:57:05.431259, 117:2023-10-02 05:27:05.391873, 118:2023-10-02 05:57:05.352487, 119:2023-10-02 06:27:05.313102, 120:2023-10-02 06:57:05.273716, 121:2023-10-02 07:27:05.234330",1x1,AICS-0,nan,TCZYX,2D MG EMT 1:60 MG,FALSE,unedited,unedited,3,121,1848,1248,30,ZSD-0,20x/0.80,0.2708333333333333,0.2708333333333333,2,3500005833,Mon Sep 25 2023,53,TRUE,unedited,55,2D MG EMT 1:60 MG|CHIR99021|Diluted Matrigel|B27-/RPMI|Diluted Matrigel Lot 118001 + DMEM/F12|Anti Collagen IV 660,nan,30 minutes,2D 12H,F7,nan,nan,nan,FALSE,FALSE,2.88,nan,nan,/allen/aics/assay-dev/computational/data/release/emt-data/colony_extra_22/main/3500005833_20X_P53_F7,https://dev-aics-dtp-001.int.allencell.org/website-3d-cell-viewer/viewer?url=https%3A%2F%2Fdev-aics-dtp-001.int.allencell.org%2F%2Fassay-dev%2Fcomputational%2Fdata%2Frelease%2Femt-data%2Fcolony_extra_22%2Fmain%2F3500005833_20X_P53_F7%2Fraw.ome.zarr,https://dev-aics-dtp-001.int.allencell.org//assay-dev/computational/data/release/emt-data/colony_extra_22/main/3500005833_20X_P53_F7/raw.ome.zarr
373,3d7edffb85ed46daa302c77b8c34c74a,"1:2023-09-29 19:27:09.960614, 2:2023-09-29 19:57:09.921229, 3:2023-09-29 20:27:09.881843, 4:2023-09-29 20:57:09.842457, 5:2023-09-29 21:27:09.803072, 6:2023-09-29 21:57:09.763686, 7:2023-09-29 22:27:09.724300, 8:2023-09-29 22:57:09.684914, 9:2023-09-29 23:27:09.645529, 10:2023-09-29 23:57:09.606143, 11:2023-09-30 00:27:09.566757, 12:2023-09-30 00:57:09.527372, 13:2023-09-30 01:27:09.487986, 14:2023-09-30 01:57:09.448600, 15:2023-09-30 02:27:09.409215, 16:2023-09-30 02:57:09.369829, 17:2023-09-30 03:27:09.330443, 18:2023-09-30 03:57:09.291057, 19:2023-09-30 04:27:09.251672, 20:2023-09-30 04:57:09.212286, 21:2023-09-30 05:27:09.172900, 22:2023-09-30 05:57:09.133515, 23:2023-09-30 06:27:09.094129, 24:2023-09-30 06:57:09.054743, 25:2023-09-30 07:27:09.015358, 26:2023-09-30 07:57:08.975972, 27:2023-09-30 08:27:08.936586, 28:2023-09-30 08:57:08.897200, 29:2023-09-30 09:27:08.857815, 30:2023-09-30 09:57:08.818429, 31:2023-09-30 10:27:08.779043, 32:2023-09-30 10:57:08.739658, 33:2023-09-30 11:27:08.700272, 34:2023-09-30 11:57:08.660886, 35:2023-09-30 12:27:08.621501, 36:2023-09-30 12:57:08.582115, 37:2023-09-30 13:27:08.542729, 38:2023-09-30 13:57:08.503343, 39:2023-09-30 14:27:08.463958, 40:2023-09-30 14:57:08.424572, 41:2023-09-30 15:27:08.385186, 42:2023-09-30 15:57:08.345801, 43:2023-09-30 16:27:08.306415, 44:2023-09-30 16:57:08.267029, 45:2023-09-30 17:27:08.227644, 46:2023-09-30 17:57:08.188258, 47:2023-09-30 18:27:08.148872, 48:2023-09-30 18:57:08.109486, 49:2023-09-30 19:27:08.070101, 50:2023-09-30 19:57:08.030715, 51:2023-09-30 20:27:07.991329, 52:2023-09-30 20:57:07.951944, 53:2023-09-30 21:27:07.912558, 54:2023-09-30 21:57:07.873172, 55:2023-09-30 22:27:07.833787, 56:2023-09-30 22:57:07.794401, 57:2023-09-30 23:27:07.755015, 58:2023-09-30 23:57:07.715629, 59:2023-10-01 00:27:07.676244, 60:2023-10-01 00:57:07.636858, 61:2023-10-01 01:27:07.597472, 62:2023-10-01 01:57:07.558087, 63:2023-10-01 02:27:07.518701, 64:2023-10-01 02:57:07.479315, 65:2023-10-01 03:27:07.439930, 66:2023-10-01 03:57:07.400544, 67:2023-10-01 04:27:07.361158, 68:2023-10-01 04:57:07.321772, 69:2023-10-01 05:27:07.282387, 70:2023-10-01 05:57:07.243001, 71:2023-10-01 06:27:07.203615, 72:2023-10-01 06:57:07.164230, 73:2023-10-01 07:27:07.124844, 74:2023-10-01 07:57:07.085458, 75:2023-10-01 08:27:07.046073, 76:2023-10-01 08:57:07.006687, 77:2023-10-01 09:27:06.967301, 78:2023-10-01 09:57:06.927915, 79:2023-10-01 10:27:06.888530, 80:2023-10-01 10:57:06.849144, 81:2023-10-01 11:27:06.809758, 82:2023-10-01 11:57:06.770373, 83:2023-10-01 12:27:06.730987, 84:2023-10-01 12:57:06.691601, 85:2023-10-01 13:27:06.652216, 86:2023-10-01 13:57:06.612830, 87:2023-10-01 14:27:06.573444, 88:2023-10-01 14:57:06.534058, 89:2023-10-01 15:27:06.494673, 90:2023-10-01 15:57:06.455287, 91:2023-10-01 16:27:06.415901, 92:2023-10-01 16:57:06.376516, 93:2023-10-01 17:27:06.337130, 94:2023-10-01 17:57:06.297744, 95:2023-10-01 18:27:06.258358, 96:2023-10-01 18:57:06.218973, 97:2023-10-01 19:27:06.179587, 98:2023-10-01 19:57:06.140201, 99:2023-10-01 20:27:06.100816, 100:2023-10-01 20:57:06.061430, 101:2023-10-01 21:27:06.022044, 102:2023-10-01 21:57:05.982659, 103:2023-10-01 22:27:05.943273, 104:2023-10-01 22:57:05.903887, 105:2023-10-01 23:27:05.864502, 106:2023-10-01 23:57:05.825116, 107:2023-10-02 00:27:05.785730, 108:2023-10-02 00:57:05.746344, 109:2023-10-02 01:27:05.706959, 110:2023-10-02 01:57:05.667573, 111:2023-10-02 02:27:05.628187, 112:2023-10-02 02:57:05.588802, 113:2023-10-02 03:27:05.549416, 114:2023-10-02 03:57:05.510030, 115:2023-10-02 04:27:05.470645, 116:2023-10-02 04:57:05.431259, 117:2023-10-02 05:27:05.391873, 118:2023-10-02 05:57:05.352487, 119:2023-10-02 06:27:05.313102, 120:2023-10-02 06:57:05.273716, 121:2023-10-02 07:27:05.234330",1x1,AICS-0,nan,TCZYX,2D PLF EMT 1:60 MG,FALSE,unedited,unedited,3,121,1848,1248,30,ZSD-0,20x/0.80,0.2708333333333333,0.2708333333333333,2,3500005833,Mon Sep 25 2023,50,TRUE,unedited,54,Fibronectin|rhLaminin-521|CHIR99021|Diluted Matrigel|B27-/RPMI|2D PLF EMT 1:60 MG|Poly-D-Lysine|Anti Collagen IV 660,nan,30 minutes,2D 12H,F6,nan,nan,nan,TRUE,TRUE,2.88,nan,nan,/allen/aics/assay-dev/computational/data/release/emt-data/colony_extra_22/main/3500005833_20X_P50_F6,https://dev-aics-dtp-001.int.allencell.org/website-3d-cell-viewer/viewer?url=https%3A%2F%2Fdev-aics-dtp-001.int.allencell.org%2F%2Fassay-dev%2Fcomputational%2Fdata%2Frelease%2Femt-data%2Fcolony_extra_22%2Fmain%2F3500005833_20X_P50_F6%2Fraw.ome.zarr,https://dev-aics-dtp-001.int.allencell.org//assay-dev/computational/data/release/emt-data/colony_extra_22/main/3500005833_20X_P50_F6/raw.ome.zarr
374,2c500ae2a64b4f89b0b1bc9bece455ee,"1:2023-09-29 19:27:09.960614, 2:2023-09-29 19:57:09.921229, 3:2023-09-29 20:27:09.881843, 4:2023-09-29 20:57:09.842457, 5:2023-09-29 21:27:09.803072, 6:2023-09-29 21:57:09.763686, 7:2023-09-29 22:27:09.724300, 8:2023-09-29 22:57:09.684914, 9:2023-09-29 23:27:09.645529, 10:2023-09-29 23:57:09.606143, 11:2023-09-30 00:27:09.566757, 12:2023-09-30 00:57:09.527372, 13:2023-09-30 01:27:09.487986, 14:2023-09-30 01:57:09.448600, 15:2023-09-30 02:27:09.409215, 16:2023-09-30 02:57:09.369829, 17:2023-09-30 03:27:09.330443, 18:2023-09-30 03:57:09.291057, 19:2023-09-30 04:27:09.251672, 20:2023-09-30 04:57:09.212286, 21:2023-09-30 05:27:09.172900, 22:2023-09-30 05:57:09.133515, 23:2023-09-30 06:27:09.094129, 24:2023-09-30 06:57:09.054743, 25:2023-09-30 07:27:09.015358, 26:2023-09-30 07:57:08.975972, 27:2023-09-30 08:27:08.936586, 28:2023-09-30 08:57:08.897200, 29:2023-09-30 09:27:08.857815, 30:2023-09-30 09:57:08.818429, 31:2023-09-30 10:27:08.779043, 32:2023-09-30 10:57:08.739658, 33:2023-09-30 11:27:08.700272, 34:2023-09-30 11:57:08.660886, 35:2023-09-30 12:27:08.621501, 36:2023-09-30 12:57:08.582115, 37:2023-09-30 13:27:08.542729, 38:2023-09-30 13:57:08.503343, 39:2023-09-30 14:27:08.463958, 40:2023-09-30 14:57:08.424572, 41:2023-09-30 15:27:08.385186, 42:2023-09-30 15:57:08.345801, 43:2023-09-30 16:27:08.306415, 44:2023-09-30 16:57:08.267029, 45:2023-09-30 17:27:08.227644, 46:2023-09-30 17:57:08.188258, 47:2023-09-30 18:27:08.148872, 48:2023-09-30 18:57:08.109486, 49:2023-09-30 19:27:08.070101, 50:2023-09-30 19:57:08.030715, 51:2023-09-30 20:27:07.991329, 52:2023-09-30 20:57:07.951944, 53:2023-09-30 21:27:07.912558, 54:2023-09-30 21:57:07.873172, 55:2023-09-30 22:27:07.833787, 56:2023-09-30 22:57:07.794401, 57:2023-09-30 23:27:07.755015, 58:2023-09-30 23:57:07.715629, 59:2023-10-01 00:27:07.676244, 60:2023-10-01 00:57:07.636858, 61:2023-10-01 01:27:07.597472, 62:2023-10-01 01:57:07.558087, 63:2023-10-01 02:27:07.518701, 64:2023-10-01 02:57:07.479315, 65:2023-10-01 03:27:07.439930, 66:2023-10-01 03:57:07.400544, 67:2023-10-01 04:27:07.361158, 68:2023-10-01 04:57:07.321772, 69:2023-10-01 05:27:07.282387, 70:2023-10-01 05:57:07.243001, 71:2023-10-01 06:27:07.203615, 72:2023-10-01 06:57:07.164230, 73:2023-10-01 07:27:07.124844, 74:2023-10-01 07:57:07.085458, 75:2023-10-01 08:27:07.046073, 76:2023-10-01 08:57:07.006687, 77:2023-10-01 09:27:06.967301, 78:2023-10-01 09:57:06.927915, 79:2023-10-01 10:27:06.888530, 80:2023-10-01 10:57:06.849144, 81:2023-10-01 11:27:06.809758, 82:2023-10-01 11:57:06.770373, 83:2023-10-01 12:27:06.730987, 84:2023-10-01 12:57:06.691601, 85:2023-10-01 13:27:06.652216, 86:2023-10-01 13:57:06.612830, 87:2023-10-01 14:27:06.573444, 88:2023-10-01 14:57:06.534058, 89:2023-10-01 15:27:06.494673, 90:2023-10-01 15:57:06.455287, 91:2023-10-01 16:27:06.415901, 92:2023-10-01 16:57:06.376516, 93:2023-10-01 17:27:06.337130, 94:2023-10-01 17:57:06.297744, 95:2023-10-01 18:27:06.258358, 96:2023-10-01 18:57:06.218973, 97:2023-10-01 19:27:06.179587, 98:2023-10-01 19:57:06.140201, 99:2023-10-01 20:27:06.100816, 100:2023-10-01 20:57:06.061430, 101:2023-10-01 21:27:06.022044, 102:2023-10-01 21:57:05.982659, 103:2023-10-01 22:27:05.943273, 104:2023-10-01 22:57:05.903887, 105:2023-10-01 23:27:05.864502, 106:2023-10-01 23:57:05.825116, 107:2023-10-02 00:27:05.785730, 108:2023-10-02 00:57:05.746344, 109:2023-10-02 01:27:05.706959, 110:2023-10-02 01:57:05.667573, 111:2023-10-02 02:27:05.628187, 112:2023-10-02 02:57:05.588802, 113:2023-10-02 03:27:05.549416, 114:2023-10-02 03:57:05.510030, 115:2023-10-02 04:27:05.470645, 116:2023-10-02 04:57:05.431259, 117:2023-10-02 05:27:05.391873, 118:2023-10-02 05:57:05.352487, 119:2023-10-02 06:27:05.313102, 120:2023-10-02 06:57:05.273716, 121:2023-10-02 07:27:05.234330",1x1,AICS-0,nan,TCZYX,2D PLF EMT 1:60 MG,FALSE,unedited,unedited,3,121,1848,1248,30,ZSD-0,20x/0.80,0.2708333333333333,0.2708333333333333,2,3500005833,Mon Sep 25 2023,49,TRUE,unedited,53,Fibronectin|rhLaminin-521|CHIR99021|Diluted Matrigel|B27-/RPMI|2D PLF EMT 1:60 MG|Poly-D-Lysine|Anti Collagen IV 660,nan,30 minutes,2D 12H,F6,nan,nan,nan,FALSE,FALSE,2.88,nan,nan,/allen/aics/assay-dev/computational/data/release/emt-data/colony_extra_22/main/3500005833_20X_P49_F6,https://dev-aics-dtp-001.int.allencell.org/website-3d-cell-viewer/viewer?url=https%3A%2F%2Fdev-aics-dtp-001.int.allencell.org%2F%2Fassay-dev%2Fcomputational%2Fdata%2Frelease%2Femt-data%2Fcolony_extra_22%2Fmain%2F3500005833_20X_P49_F6%2Fraw.ome.zarr,https://dev-aics-dtp-001.int.allencell.org//assay-dev/computational/data/release/emt-data/colony_extra_22/main/3500005833_20X_P49_F6/raw.ome.zarr
375,68341764603941e1b84169dd1d06e051,"1:2023-09-29 19:27:09.960614, 2:2023-09-29 19:57:09.921229, 3:2023-09-29 20:27:09.881843, 4:2023-09-29 20:57:09.842457, 5:2023-09-29 21:27:09.803072, 6:2023-09-29 21:57:09.763686, 7:2023-09-29 22:27:09.724300, 8:2023-09-29 22:57:09.684914, 9:2023-09-29 23:27:09.645529, 10:2023-09-29 23:57:09.606143, 11:2023-09-30 00:27:09.566757, 12:2023-09-30 00:57:09.527372, 13:2023-09-30 01:27:09.487986, 14:2023-09-30 01:57:09.448600, 15:2023-09-30 02:27:09.409215, 16:2023-09-30 02:57:09.369829, 17:2023-09-30 03:27:09.330443, 18:2023-09-30 03:57:09.291057, 19:2023-09-30 04:27:09.251672, 20:2023-09-30 04:57:09.212286, 21:2023-09-30 05:27:09.172900, 22:2023-09-30 05:57:09.133515, 23:2023-09-30 06:27:09.094129, 24:2023-09-30 06:57:09.054743, 25:2023-09-30 07:27:09.015358, 26:2023-09-30 07:57:08.975972, 27:2023-09-30 08:27:08.936586, 28:2023-09-30 08:57:08.897200, 29:2023-09-30 09:27:08.857815, 30:2023-09-30 09:57:08.818429, 31:2023-09-30 10:27:08.779043, 32:2023-09-30 10:57:08.739658, 33:2023-09-30 11:27:08.700272, 34:2023-09-30 11:57:08.660886, 35:2023-09-30 12:27:08.621501, 36:2023-09-30 12:57:08.582115, 37:2023-09-30 13:27:08.542729, 38:2023-09-30 13:57:08.503343, 39:2023-09-30 14:27:08.463958, 40:2023-09-30 14:57:08.424572, 41:2023-09-30 15:27:08.385186, 42:2023-09-30 15:57:08.345801, 43:2023-09-30 16:27:08.306415, 44:2023-09-30 16:57:08.267029, 45:2023-09-30 17:27:08.227644, 46:2023-09-30 17:57:08.188258, 47:2023-09-30 18:27:08.148872, 48:2023-09-30 18:57:08.109486, 49:2023-09-30 19:27:08.070101, 50:2023-09-30 19:57:08.030715, 51:2023-09-30 20:27:07.991329, 52:2023-09-30 20:57:07.951944, 53:2023-09-30 21:27:07.912558, 54:2023-09-30 21:57:07.873172, 55:2023-09-30 22:27:07.833787, 56:2023-09-30 22:57:07.794401, 57:2023-09-30 23:27:07.755015, 58:2023-09-30 23:57:07.715629, 59:2023-10-01 00:27:07.676244, 60:2023-10-01 00:57:07.636858, 61:2023-10-01 01:27:07.597472, 62:2023-10-01 01:57:07.558087, 63:2023-10-01 02:27:07.518701, 64:2023-10-01 02:57:07.479315, 65:2023-10-01 03:27:07.439930, 66:2023-10-01 03:57:07.400544, 67:2023-10-01 04:27:07.361158, 68:2023-10-01 04:57:07.321772, 69:2023-10-01 05:27:07.282387, 70:2023-10-01 05:57:07.243001, 71:2023-10-01 06:27:07.203615, 72:2023-10-01 06:57:07.164230, 73:2023-10-01 07:27:07.124844, 74:2023-10-01 07:57:07.085458, 75:2023-10-01 08:27:07.046073, 76:2023-10-01 08:57:07.006687, 77:2023-10-01 09:27:06.967301, 78:2023-10-01 09:57:06.927915, 79:2023-10-01 10:27:06.888530, 80:2023-10-01 10:57:06.849144, 81:2023-10-01 11:27:06.809758, 82:2023-10-01 11:57:06.770373, 83:2023-10-01 12:27:06.730987, 84:2023-10-01 12:57:06.691601, 85:2023-10-01 13:27:06.652216, 86:2023-10-01 13:57:06.612830, 87:2023-10-01 14:27:06.573444, 88:2023-10-01 14:57:06.534058, 89:2023-10-01 15:27:06.494673, 90:2023-10-01 15:57:06.455287, 91:2023-10-01 16:27:06.415901, 92:2023-10-01 16:57:06.376516, 93:2023-10-01 17:27:06.337130, 94:2023-10-01 17:57:06.297744, 95:2023-10-01 18:27:06.258358, 96:2023-10-01 18:57:06.218973, 97:2023-10-01 19:27:06.179587, 98:2023-10-01 19:57:06.140201, 99:2023-10-01 20:27:06.100816, 100:2023-10-01 20:57:06.061430, 101:2023-10-01 21:27:06.022044, 102:2023-10-01 21:57:05.982659, 103:2023-10-01 22:27:05.943273, 104:2023-10-01 22:57:05.903887, 105:2023-10-01 23:27:05.864502, 106:2023-10-01 23:57:05.825116, 107:2023-10-02 00:27:05.785730, 108:2023-10-02 00:57:05.746344, 109:2023-10-02 01:27:05.706959, 110:2023-10-02 01:57:05.667573, 111:2023-10-02 02:27:05.628187, 112:2023-10-02 02:57:05.588802, 113:2023-10-02 03:27:05.549416, 114:2023-10-02 03:57:05.510030, 115:2023-10-02 04:27:05.470645, 116:2023-10-02 04:57:05.431259, 117:2023-10-02 05:27:05.391873, 118:2023-10-02 05:57:05.352487, 119:2023-10-02 06:27:05.313102, 120:2023-10-02 06:57:05.273716, 121:2023-10-02 07:27:05.234330",1x1,AICS-0,nan,TCZYX,2D PLF EMT 1:60 MG,FALSE,unedited,unedited,3,121,1848,1248,30,ZSD-0,20x/0.80,0.2708333333333333,0.2708333333333333,2,3500005833,Mon Sep 25 2023,51,TRUE,unedited,52,Fibronectin|rhLaminin-521|CHIR99021|Diluted Matrigel|B27-/RPMI|2D PLF EMT 1:60 MG|Poly-D-Lysine|Anti Collagen IV 660,nan,30 minutes,2D 12H,F6,nan,nan,nan,FALSE,FALSE,2.88,nan,nan,/allen/aics/assay-dev/computational/data/release/emt-data/colony_extra_22/main/3500005833_20X_P51_F6,https://dev-aics-dtp-001.int.allencell.org/website-3d-cell-viewer/viewer?url=https%3A%2F%2Fdev-aics-dtp-001.int.allencell.org%2F%2Fassay-dev%2Fcomputational%2Fdata%2Frelease%2Femt-data%2Fcolony_extra_22%2Fmain%2F3500005833_20X_P51_F6%2Fraw.ome.zarr,https://dev-aics-dtp-001.int.allencell.org//assay-dev/computational/data/release/emt-data/colony_extra_22/main/3500005833_20X_P51_F6/raw.ome.zarr
376,6db63ebacb10417c9c3d880cd5df764f,"1:2023-09-29 19:27:09.960614, 2:2023-09-29 19:57:09.921229, 3:2023-09-29 20:27:09.881843, 4:2023-09-29 20:57:09.842457, 5:2023-09-29 21:27:09.803072, 6:2023-09-29 21:57:09.763686, 7:2023-09-29 22:27:09.724300, 8:2023-09-29 22:57:09.684914, 9:2023-09-29 23:27:09.645529, 10:2023-09-29 23:57:09.606143, 11:2023-09-30 00:27:09.566757, 12:2023-09-30 00:57:09.527372, 13:2023-09-30 01:27:09.487986, 14:2023-09-30 01:57:09.448600, 15:2023-09-30 02:27:09.409215, 16:2023-09-30 02:57:09.369829, 17:2023-09-30 03:27:09.330443, 18:2023-09-30 03:57:09.291057, 19:2023-09-30 04:27:09.251672, 20:2023-09-30 04:57:09.212286, 21:2023-09-30 05:27:09.172900, 22:2023-09-30 05:57:09.133515, 23:2023-09-30 06:27:09.094129, 24:2023-09-30 06:57:09.054743, 25:2023-09-30 07:27:09.015358, 26:2023-09-30 07:57:08.975972, 27:2023-09-30 08:27:08.936586, 28:2023-09-30 08:57:08.897200, 29:2023-09-30 09:27:08.857815, 30:2023-09-30 09:57:08.818429, 31:2023-09-30 10:27:08.779043, 32:2023-09-30 10:57:08.739658, 33:2023-09-30 11:27:08.700272, 34:2023-09-30 11:57:08.660886, 35:2023-09-30 12:27:08.621501, 36:2023-09-30 12:57:08.582115, 37:2023-09-30 13:27:08.542729, 38:2023-09-30 13:57:08.503343, 39:2023-09-30 14:27:08.463958, 40:2023-09-30 14:57:08.424572, 41:2023-09-30 15:27:08.385186, 42:2023-09-30 15:57:08.345801, 43:2023-09-30 16:27:08.306415, 44:2023-09-30 16:57:08.267029, 45:2023-09-30 17:27:08.227644, 46:2023-09-30 17:57:08.188258, 47:2023-09-30 18:27:08.148872, 48:2023-09-30 18:57:08.109486, 49:2023-09-30 19:27:08.070101, 50:2023-09-30 19:57:08.030715, 51:2023-09-30 20:27:07.991329, 52:2023-09-30 20:57:07.951944, 53:2023-09-30 21:27:07.912558, 54:2023-09-30 21:57:07.873172, 55:2023-09-30 22:27:07.833787, 56:2023-09-30 22:57:07.794401, 57:2023-09-30 23:27:07.755015, 58:2023-09-30 23:57:07.715629, 59:2023-10-01 00:27:07.676244, 60:2023-10-01 00:57:07.636858, 61:2023-10-01 01:27:07.597472, 62:2023-10-01 01:57:07.558087, 63:2023-10-01 02:27:07.518701, 64:2023-10-01 02:57:07.479315, 65:2023-10-01 03:27:07.439930, 66:2023-10-01 03:57:07.400544, 67:2023-10-01 04:27:07.361158, 68:2023-10-01 04:57:07.321772, 69:2023-10-01 05:27:07.282387, 70:2023-10-01 05:57:07.243001, 71:2023-10-01 06:27:07.203615, 72:2023-10-01 06:57:07.164230, 73:2023-10-01 07:27:07.124844, 74:2023-10-01 07:57:07.085458, 75:2023-10-01 08:27:07.046073, 76:2023-10-01 08:57:07.006687, 77:2023-10-01 09:27:06.967301, 78:2023-10-01 09:57:06.927915, 79:2023-10-01 10:27:06.888530, 80:2023-10-01 10:57:06.849144, 81:2023-10-01 11:27:06.809758, 82:2023-10-01 11:57:06.770373, 83:2023-10-01 12:27:06.730987, 84:2023-10-01 12:57:06.691601, 85:2023-10-01 13:27:06.652216, 86:2023-10-01 13:57:06.612830, 87:2023-10-01 14:27:06.573444, 88:2023-10-01 14:57:06.534058, 89:2023-10-01 15:27:06.494673, 90:2023-10-01 15:57:06.455287, 91:2023-10-01 16:27:06.415901, 92:2023-10-01 16:57:06.376516, 93:2023-10-01 17:27:06.337130, 94:2023-10-01 17:57:06.297744, 95:2023-10-01 18:27:06.258358, 96:2023-10-01 18:57:06.218973, 97:2023-10-01 19:27:06.179587, 98:2023-10-01 19:57:06.140201, 99:2023-10-01 20:27:06.100816, 100:2023-10-01 20:57:06.061430, 101:2023-10-01 21:27:06.022044, 102:2023-10-01 21:57:05.982659, 103:2023-10-01 22:27:05.943273, 104:2023-10-01 22:57:05.903887, 105:2023-10-01 23:27:05.864502, 106:2023-10-01 23:57:05.825116, 107:2023-10-02 00:27:05.785730, 108:2023-10-02 00:57:05.746344, 109:2023-10-02 01:27:05.706959, 110:2023-10-02 01:57:05.667573, 111:2023-10-02 02:27:05.628187, 112:2023-10-02 02:57:05.588802, 113:2023-10-02 03:27:05.549416, 114:2023-10-02 03:57:05.510030, 115:2023-10-02 04:27:05.470645, 116:2023-10-02 04:57:05.431259, 117:2023-10-02 05:27:05.391873, 118:2023-10-02 05:57:05.352487, 119:2023-10-02 06:27:05.313102, 120:2023-10-02 06:57:05.273716, 121:2023-10-02 07:27:05.234330",1x1,AICS-0,nan,TCZYX,2D PLF EMT 1:60 MG,FALSE,unedited,unedited,3,121,1848,1248,30,ZSD-0,20x/0.80,0.2708333333333333,0.2708333333333333,2,3500005833,Mon Sep 25 2023,56,TRUE,unedited,51,Fibronectin|rhLaminin-521|CHIR99021|Diluted Matrigel|B27-/RPMI|2D PLF EMT 1:60 MG|Poly-D-Lysine|Anti Collagen IV 660,nan,30 minutes,2D 12H,F5,nan,nan,nan,FALSE,FALSE,2.88,nan,nan,/allen/aics/assay-dev/computational/data/release/emt-data/colony_extra_22/main/3500005833_20X_P56_F5,https://dev-aics-dtp-001.int.allencell.org/website-3d-cell-viewer/viewer?url=https%3A%2F%2Fdev-aics-dtp-001.int.allencell.org%2F%2Fassay-dev%2Fcomputational%2Fdata%2Frelease%2Femt-data%2Fcolony_extra_22%2Fmain%2F3500005833_20X_P56_F5%2Fraw.ome.zarr,https://dev-aics-dtp-001.int.allencell.org//assay-dev/computational/data/release/emt-data/colony_extra_22/main/3500005833_20X_P56_F5/raw.ome.zarr
377,8b8ea2ce0f8e4fba846ce1c9d45b2d97,"1:2023-09-29 19:27:09.960614, 2:2023-09-29 19:57:09.921229, 3:2023-09-29 20:27:09.881843, 4:2023-09-29 20:57:09.842457, 5:2023-09-29 21:27:09.803072, 6:2023-09-29 21:57:09.763686, 7:2023-09-29 22:27:09.724300, 8:2023-09-29 22:57:09.684914, 9:2023-09-29 23:27:09.645529, 10:2023-09-29 23:57:09.606143, 11:2023-09-30 00:27:09.566757, 12:2023-09-30 00:57:09.527372, 13:2023-09-30 01:27:09.487986, 14:2023-09-30 01:57:09.448600, 15:2023-09-30 02:27:09.409215, 16:2023-09-30 02:57:09.369829, 17:2023-09-30 03:27:09.330443, 18:2023-09-30 03:57:09.291057, 19:2023-09-30 04:27:09.251672, 20:2023-09-30 04:57:09.212286, 21:2023-09-30 05:27:09.172900, 22:2023-09-30 05:57:09.133515, 23:2023-09-30 06:27:09.094129, 24:2023-09-30 06:57:09.054743, 25:2023-09-30 07:27:09.015358, 26:2023-09-30 07:57:08.975972, 27:2023-09-30 08:27:08.936586, 28:2023-09-30 08:57:08.897200, 29:2023-09-30 09:27:08.857815, 30:2023-09-30 09:57:08.818429, 31:2023-09-30 10:27:08.779043, 32:2023-09-30 10:57:08.739658, 33:2023-09-30 11:27:08.700272, 34:2023-09-30 11:57:08.660886, 35:2023-09-30 12:27:08.621501, 36:2023-09-30 12:57:08.582115, 37:2023-09-30 13:27:08.542729, 38:2023-09-30 13:57:08.503343, 39:2023-09-30 14:27:08.463958, 40:2023-09-30 14:57:08.424572, 41:2023-09-30 15:27:08.385186, 42:2023-09-30 15:57:08.345801, 43:2023-09-30 16:27:08.306415, 44:2023-09-30 16:57:08.267029, 45:2023-09-30 17:27:08.227644, 46:2023-09-30 17:57:08.188258, 47:2023-09-30 18:27:08.148872, 48:2023-09-30 18:57:08.109486, 49:2023-09-30 19:27:08.070101, 50:2023-09-30 19:57:08.030715, 51:2023-09-30 20:27:07.991329, 52:2023-09-30 20:57:07.951944, 53:2023-09-30 21:27:07.912558, 54:2023-09-30 21:57:07.873172, 55:2023-09-30 22:27:07.833787, 56:2023-09-30 22:57:07.794401, 57:2023-09-30 23:27:07.755015, 58:2023-09-30 23:57:07.715629, 59:2023-10-01 00:27:07.676244, 60:2023-10-01 00:57:07.636858, 61:2023-10-01 01:27:07.597472, 62:2023-10-01 01:57:07.558087, 63:2023-10-01 02:27:07.518701, 64:2023-10-01 02:57:07.479315, 65:2023-10-01 03:27:07.439930, 66:2023-10-01 03:57:07.400544, 67:2023-10-01 04:27:07.361158, 68:2023-10-01 04:57:07.321772, 69:2023-10-01 05:27:07.282387, 70:2023-10-01 05:57:07.243001, 71:2023-10-01 06:27:07.203615, 72:2023-10-01 06:57:07.164230, 73:2023-10-01 07:27:07.124844, 74:2023-10-01 07:57:07.085458, 75:2023-10-01 08:27:07.046073, 76:2023-10-01 08:57:07.006687, 77:2023-10-01 09:27:06.967301, 78:2023-10-01 09:57:06.927915, 79:2023-10-01 10:27:06.888530, 80:2023-10-01 10:57:06.849144, 81:2023-10-01 11:27:06.809758, 82:2023-10-01 11:57:06.770373, 83:2023-10-01 12:27:06.730987, 84:2023-10-01 12:57:06.691601, 85:2023-10-01 13:27:06.652216, 86:2023-10-01 13:57:06.612830, 87:2023-10-01 14:27:06.573444, 88:2023-10-01 14:57:06.534058, 89:2023-10-01 15:27:06.494673, 90:2023-10-01 15:57:06.455287, 91:2023-10-01 16:27:06.415901, 92:2023-10-01 16:57:06.376516, 93:2023-10-01 17:27:06.337130, 94:2023-10-01 17:57:06.297744, 95:2023-10-01 18:27:06.258358, 96:2023-10-01 18:57:06.218973, 97:2023-10-01 19:27:06.179587, 98:2023-10-01 19:57:06.140201, 99:2023-10-01 20:27:06.100816, 100:2023-10-01 20:57:06.061430, 101:2023-10-01 21:27:06.022044, 102:2023-10-01 21:57:05.982659, 103:2023-10-01 22:27:05.943273, 104:2023-10-01 22:57:05.903887, 105:2023-10-01 23:27:05.864502, 106:2023-10-01 23:57:05.825116, 107:2023-10-02 00:27:05.785730, 108:2023-10-02 00:57:05.746344, 109:2023-10-02 01:27:05.706959, 110:2023-10-02 01:57:05.667573, 111:2023-10-02 02:27:05.628187, 112:2023-10-02 02:57:05.588802, 113:2023-10-02 03:27:05.549416, 114:2023-10-02 03:57:05.510030, 115:2023-10-02 04:27:05.470645, 116:2023-10-02 04:57:05.431259, 117:2023-10-02 05:27:05.391873, 118:2023-10-02 05:57:05.352487, 119:2023-10-02 06:27:05.313102, 120:2023-10-02 06:57:05.273716, 121:2023-10-02 07:27:05.234330",1x1,AICS-0,nan,TCZYX,2D PLF EMT 1:60 MG,FALSE,unedited,unedited,3,121,1848,1248,30,ZSD-0,20x/0.80,0.2708333333333333,0.2708333333333333,2,3500005833,Mon Sep 25 2023,55,TRUE,unedited,50,Fibronectin|rhLaminin-521|CHIR99021|Diluted Matrigel|B27-/RPMI|2D PLF EMT 1:60 MG|Poly-D-Lysine|Anti Collagen IV 660,nan,30 minutes,2D 12H,F5,nan,nan,nan,FALSE,FALSE,2.88,nan,nan,/allen/aics/assay-dev/computational/data/release/emt-data/colony_extra_22/main/3500005833_20X_P55_F5,https://dev-aics-dtp-001.int.allencell.org/website-3d-cell-viewer/viewer?url=https%3A%2F%2Fdev-aics-dtp-001.int.allencell.org%2F%2Fassay-dev%2Fcomputational%2Fdata%2Frelease%2Femt-data%2Fcolony_extra_22%2Fmain%2F3500005833_20X_P55_F5%2Fraw.ome.zarr,https://dev-aics-dtp-001.int.allencell.org//assay-dev/computational/data/release/emt-data/colony_extra_22/main/3500005833_20X_P55_F5/raw.ome.zarr
378,203ae9b43d9f4008876b18a039731ca4,nan,1x1,AICS-0 an AICS-36,6,TCZYX,2D MG EMT 1:60 MG,FALSE,mEGFP,AAVS1,3,121,1848,1248,30,ZSD-1,20x/0.80,0.2708333333333333,0.2708333333333333,2,3500006360,Mon Apr 15 2024,24,TRUE,unedited and cytoGFP,26,2D MG EMT 1:60 MG|CHIR99021|Diluted Matrigel Lot 3115927 + DMEM/F12|Diluted Matrigel|B27-/RPMI|Anti Collagen IV 660,cytoplasm,30 minutes,2D 12H,D8,nan,nan,nan,FALSE,FALSE,2.88,nan,nan,/allen/aics/assay-dev/computational/data/release/emt-data/colony_extra_22/main/3500006360_20X_P24_D8,https://dev-aics-dtp-001.int.allencell.org/website-3d-cell-viewer/viewer?url=https%3A%2F%2Fdev-aics-dtp-001.int.allencell.org%2F%2Fassay-dev%2Fcomputational%2Fdata%2Frelease%2Femt-data%2Fcolony_extra_22%2Fmain%2F3500006360_20X_P24_D8%2Fraw.ome.zarr,https://dev-aics-dtp-001.int.allencell.org//assay-dev/computational/data/release/emt-data/colony_extra_22/main/3500006360_20X_P24_D8/raw.ome.zarr
379,0ee3390a37d341a78ccaf9607c635342,nan,1x1,AICS-0 an AICS-36,6,TCZYX,3D MG EMT 1:60 MG,FALSE,mEGFP,AAVS1,3,121,1848,1248,30,ZSD-1,20x/0.80,0.2708333333333333,0.2708333333333333,2,3500006360,Mon Apr 15 2024,17,TRUE,unedited and cytoGFP,16,Diluted Matrigel in mTeSR|3D MG EMT 1:60 MG|CHIR99021|Diluted Matrigel Lot 3115927 + DMEM/F12|Diluted Matrigel|B27-/RPMI|Anti Collagen IV 660,cytoplasm,30 minutes,2D 12H,C8,nan,nan,nan,TRUE,TRUE,2.88,nan,nan,/allen/aics/assay-dev/computational/data/release/emt-data/colony_extra_22/main/3500006360_20X_P17_C8,https://dev-aics-dtp-001.int.allencell.org/website-3d-cell-viewer/viewer?url=https%3A%2F%2Fdev-aics-dtp-001.int.allencell.org%2F%2Fassay-dev%2Fcomputational%2Fdata%2Frelease%2Femt-data%2Fcolony_extra_22%2Fmain%2F3500006360_20X_P17_C8%2Fraw.ome.zarr,https://dev-aics-dtp-001.int.allencell.org//assay-dev/computational/data/release/emt-data/colony_extra_22/main/3500006360_20X_P17_C8/raw.ome.zarr
